relative_path,sha256,size_bytes,accepted_run_id,dts_scope
gen/gl-gen-2026-12-31.xsd,D83647F0F247D8A095A97B6DCDDFCDFB53940C73AB0F8BD301E6D677D51676CB,9571,20261007_1655,JournalEntries
jnl/jnl-2026-12-31.xsd,A852CBE3220A3FD25335DAC2BBB1EAA2FDDD001F823498D3411B0A40A689408D,14039,20261007_1655,JournalEntries
jnl/jnl-oim-2026-12-31.xsd,F17D52D33B6DF0DE8E3FFAFF61E78A9B3C9633AD556D0E0A212AABB903CC5F96,13890,20261007_1655,JournalEntries
jnl/jnl-oim-pre-2026-12-31.xml,A0ECDA57A7D5DFFEB2061A637E6668C59BB2E3C9B4B5318804B74E7CF70C05D0,20727,20261007_1655,JournalEntries
jnl/jnl-pre-2026-12-31.xml,C3493D6715CA26B01D117B702662E7827D38AE988691A5BB55C3788D43ED9FDB,20227,20261007_1655,JournalEntries
jnl/label/jnl-lab-en-2026-12-31.xml,3FAE8A668787885AC308CCBCF07F5AD87A60197F6276C3E3F80E6CFB26597AF5,42299,20261007_1655,JournalEntries
jnl/label/jnl-lab-ja-2026-12-31.xml,4E10A99E7714D75BB0E9F0AA28AAEE2B8D66B7B438116DD94B2A527ABD316B04,44743,20261007_1655,JournalEntries
jnl/label/jnl-oim-lab-en-2026-12-31.xml,25BAA52EE9E6B424BD4EEF1C4B96866C5773DDB09670E227E840438956CA94A2,42581,20261007_1655,JournalEntries
jnl/label/jnl-oim-lab-ja-2026-12-31.xml,61D291532D8A0FCBB86E75A8D2C6B9F45B7DA058783CDF4DF258DE73C19E8A8D,45025,20261007_1655,JournalEntries
oim/jnl_journalEntries/jnl-all-dim-2026-12-31.xml,8D95EF3B704F698B67DE4ECE96CE384C7349D15AC1BD646981B8983AB975B7CB,37139,20261007_1655,JournalEntries
oim/jnl_journalEntries/jnl-all-oim-2026-12-31.xsd,E009116DC026B699AE780BC14FB670EEC0A13695ECCCAB50D88DFC3D81E0B247,6593,20261007_1655,JournalEntries
tuple/jnl_journalEntries/jnl-all-2026-12-31.xsd,2900174A82C945FC96224DF034E4D15E319261173A920A8319873F699C2D359A,1294,20261007_1655,JournalEntries
tuple/jnl_journalEntries/jnl-content-2026-12-31.xsd,CC585B20C9F3C4D55A3ED765351F76162A36FE3F97997EBFD3FED2200A578479,3968,20261007_1655,JournalEntries
