sequence,module,level,type,identifier,name,datatype,multiplicity,value_domain,definition,label_local,definition_local,source_bsm_id,semantic_path,associated_module,class_term,local_name,xpath
1,jnl,1,C,,Journal Entries,,1..*,,,,,JN07,$.jnl_JournalEntries,jnl,Journal Entries,journalEntries,/xbrli:xbrl/gl-jnl:journalEntries
2,jnl,2,C,,Document Information,,1..1,,Parent for descriptive information about the accountingEntries Class in which it is contained.,【文書情報】,この会計仕訳に関する情報の親タグ。,JN07-01,$.jnl_JournalEntries.jnl_DocumentInformation,jnl,Document Information,documentInformation,/xbrli:xbrl/gl-jnl:journalEntries/gl-jnl:documentInformation
3,jnl,3,A,,Document Type,Token,1..1,,"account: information to fill in a chart of accounts file.
balance: the results of accumulation of a complete and validated list of entries for an account (or a list of account) in a specific period - sometimes called general ledger
entries: a list of individual accounting entries, which might be posted/validated or nonposted/validated
journal: a self-balancing (Dr = Cr) list of entries for a specific period including beginning balance for that period.
ledger: a complete list of entries for a specific account (or list of accounts) for a specific period; note - debits do not have to equal credits.
assets: a listing of open receivables, payables, inventory, fixed assets or other information that can be extracted from but are not necessarily included as part of a journal entry.
trialBalance: the self-balancing (Dr = Cr) result of accumulation of a complete and validated list of entries for the entity in a complete list of accounts in a specific period.
taxtables: aids automated interpretation of instances that represent tax tables; Tax table are defined by using multiple [taxes] classs to gather the population of codes, authorities and rates; through [taxTableCode] cross-references in the [taxes] class, these ""master file"" tax tables can be referenced.
mapping: a collection of mappings between interrelated data sets, such as a local and related corporate standard chart of accounts or detail data mapped to summarized end reporting concepts.
versioning: a collection of changes between two versions of the same class of information, such as updates to a master file like a chart of accounts.
master_file: a collection of master files, such as the customer or inventory master file.
trade_documents: a collection of trade/transactional documents, such as vendor invoices or customer orders.
profile_compliant: the meaning of this collection of information can be determined by understanding an established profile and especially an XBRL GL Profile. Profiles are determined through namespace declarations, schemaRef and conventions of those profiles.
other: for all other types of representations.

Often sorted by date or by account, these terms have specific, and sometimes different, meanings in different areas. Common practice will drive accounting method/term matches.",文書種別,・科目:科目体系ファイルの情報。_x000D_ ・残高:特定の期間について、勘定科目(または勘定科目リスト)の、完了し検証された仕訳リストの累算結果。時に総勘定元帳と呼ばれる。_x000D_ ・仕訳:個々の勘定記入のリスト。転記/検証されていることもあり、されていないこともある。_x000D_ ・仕訳帳:特定の期間における、その期間の開始残高を含む貸借が一致(Dr=Cr)した仕訳のリスト 。_x000D_ ・元帳:特定の期間における特定の勘定科目(または勘定科目リスト)についての、仕訳の全リスト 。注意－貸借が一致する必要はない。_x000D_ ・資産:仕訳記入の一部として必ずしも含まれていないが、そこから抽出可能な売掛金、買掛金、在庫、固定資産、その他の情報のリスト。_x000D_ ・試算表:事業体に対する、特定期間の全勘定科目リストでの、完了し検証された仕訳リストの、貸借が一致（Dr=Cr)した累算結果。_x000D_ ・税率表:税率表をあらわすデータを自動的に解釈できるようにする。税率表は、コード、税務当局情報、レートをあらわす複数のtaxes構造データを使って定義される。taxTableCodeはtaxes構造データ内で相互に参照されるが、これらのマスタファイルが参照可能。_x000D_ ・マッピング情報:互いに関係があるデータセットの間の対応関係を集めたもの。例えば、企業グループ内の各会社で使用する勘定科目と全社勘定科目との対応付け、または明細データと最終的な報告書上の要約された科目への対応付け。 ・差分情報:同じクラス（種類）で異なるバージョンを持つ項目の変更・差分情報。例えば、勘定科目一覧のようなマスタファイルの特定科目の更新情報など。  ・マスターファイル:マスタファイルの一覧。例えば、顧客マスタ又は在庫/棚卸マスタなど。  ・取引伝票:取引に用いる情報の集合。例えば、納入業者からのインボイス 又は顧客からの受注情報など。  ・プロファイル情報:確立された文書説明情報及び特にXBRL GLプロファイルを理解し決定するこの情報の集合の意味を示す。説明情報は、名前空間宣言、スキーマ参照及びこれらの規約を通して決定する。  ・その他：その他のすべての表現形式  多くの場合、日付または科目によりソートされる。会計処理方法や用語は慣行により適合させる。_x000D_ [設定値のリスト]_x000D_ (account：科目)、(balance：残高)、(entries：仕訳)、(journal：仕訳帳)、(ledger：元帳)、(assets：資産)、(trialbalance：試算表)、(taxtables：税率表)、(other：その他)_x000D_、(Mapping：マッピング情報)、(versioning：差分情報)、(master_file：マスターファイル)、(trade_documents：取引伝票)、(profile_compliant：プロファイル情報)、(other：その他),JN01-01,$.jnl_JournalEntries.jnl_DocumentInformation.jnl_DocumentType,jnl,Document Information,documentType,/xbrli:xbrl/gl-jnl:journalEntries/gl-jnl:documentInformation/gl-jnl:documentType
4,jnl,3,A,PK,Audit Number,String,1,,Unique identifier for this file.,監査番号,このファイルの一意識別子。,JN01-02,$.jnl_JournalEntries.jnl_DocumentInformation.jnl_AuditNumber,jnl,Document Information,auditNumber,/xbrli:xbrl/gl-jnl:journalEntries/gl-jnl:documentInformation/gl-jnl:auditNumber
5,jnl,3,A,,Creation Date,Date Time,0..1,,Date/time file was created.,作成日付,ファイルが作成された日付/時間。,JN01-03,$.jnl_JournalEntries.jnl_DocumentInformation.jnl_CreationDate,jnl,Document Information,creationDate,/xbrli:xbrl/gl-jnl:journalEntries/gl-jnl:documentInformation/gl-jnl:creationDate
6,jnl,3,A,,Document Comment,String,0..1,,Text for entire document.,文書コメント,文書全体に対する説明文。,JN01-04,$.jnl_JournalEntries.jnl_DocumentInformation.jnl_DocumentComment,jnl,Document Information,documentComment,/xbrli:xbrl/gl-jnl:journalEntries/gl-jnl:documentInformation/gl-jnl:documentComment
7,jnl,3,A,,Period Covered Start,Date Time,0..1,,"Start of date range for contents. Used as basis for many assumptions about data, including the date as of which open balances are open.",対象期間開始日付,内容の日付範囲の開始日。 残高の開始日付などの、データに関する多くの仮定の基礎として使用される。,JN01-05,$.jnl_JournalEntries.jnl_DocumentInformation.jnl_PeriodCoveredStart,jnl,Document Information,periodCoveredStart,/xbrli:xbrl/gl-jnl:journalEntries/gl-jnl:documentInformation/gl-jnl:periodCoveredStart
8,jnl,3,A,,Period Covered End,Date Time,0..1,,"End of date range for contents. Used as basis for many assumptions about data, including the date as of which open balances are open.",対象期間終了日付,内容の日付範囲の終了日。 残高の開始日付などの、データに関する多くの仮定の基礎として使用される。,JN01-06,$.jnl_JournalEntries.jnl_DocumentInformation.jnl_PeriodCoveredEnd,jnl,Document Information,periodCoveredEnd,/xbrli:xbrl/gl-jnl:journalEntries/gl-jnl:documentInformation/gl-jnl:periodCoveredEnd
9,jnl,3,A,,Default Currency,QName,0..1,,"The default currency related to the amount can be entered here instead of the XBRL instance specified way, especially important in multi-currency situations. Recommend ISO 4217 coding",既定通貨,XBRLインスタンス内に指定する方法のかわりに、金額の既定の通貨を指定可能。多通貨環境で特に重要。ISO4217コード体系を推奨。,JN01-07,$.jnl_JournalEntries.jnl_DocumentInformation.jnl_DefaultCurrency,jnl,Document Information,defaultCurrency,/xbrli:xbrl/gl-jnl:journalEntries/gl-jnl:documentInformation/gl-jnl:defaultCurrency
10,jnl,2,C,,Entity_ Party,,0..1,,Holder for entity information - information about the reporting organization.,【事業体情報】,事業体情報（報告組織に関する情報）の入れ物。,JN07-02,$.jnl_JournalEntries.jnl_EntityParty,jnl,Entity_ Party,entityParty,/xbrli:xbrl/gl-jnl:journalEntries/gl-jnl:entityParty
11,jnl,3,A,,Party Name,String,0..1,,Name by which the party is identified.,当事者名,当事者を識別するための名称。,JN02-01,$.jnl_JournalEntries.jnl_EntityParty.jnl_PartyName,jnl,Entity_ Party,partyName,/xbrli:xbrl/gl-jnl:journalEntries/gl-jnl:entityParty/gl-jnl:partyName
12,jnl,3,A,,Party ID,String,0..1,,Identifier assigned to the party.,当事者識別子,当事者を識別するために付与された識別子。,JN02-02,$.jnl_JournalEntries.jnl_EntityParty.jnl_PartyID,jnl,Entity_ Party,partyId,/xbrli:xbrl/gl-jnl:journalEntries/gl-jnl:entityParty/gl-jnl:partyId
13,jnl,3,A,,Party Role,Token,0..1,,"Role of the party in the business transaction, such as seller, buyer, payee, tax representative, or deliver-to party.",取引当事者役割,業務取引における当事者の役割。売手、買手、支払先、税務代理人、納入先などを識別する。,JN02-03,$.jnl_JournalEntries.jnl_EntityParty.jnl_PartyRole,jnl,Entity_ Party,partyRole,/xbrli:xbrl/gl-jnl:journalEntries/gl-jnl:entityParty/gl-jnl:partyRole
14,jnl,2,C,,Entry_ Header,,0..*,,Parent for entry headers/journal entry headers.,【仕訳情報】,エントリヘッダー/仕訳記入ヘッダーの親タグ。,JN07-03,$.jnl_JournalEntries.jnl_EntryHeader,jnl,Entry_ Header,entryHeader,/xbrli:xbrl/gl-jnl:journalEntries/gl-jnl:entryHeader
15,jnl,3,A,,Date Posted,Date Time,0..1,,Date this entry was posted (validated) to the general ledger. May not represent the date of accounting significance which is represented by 'postingDate'.,転記済日付,この仕訳が総勘定元帳に転記された(検証された)日付。 postingDateで示されるような会計上意味のある日付を表さないかもしれない。,JN06-01,$.jnl_JournalEntries.jnl_EntryHeader.jnl_DatePosted,jnl,Entry_ Header,datePosted,/xbrli:xbrl/gl-jnl:journalEntries/gl-jnl:entryHeader/gl-jnl:datePosted
16,jnl,3,A,,Creator,String,0..1,,Initials/name of operator originally entering.,仕訳作成者,最初に入力したオペレータのイニシャル/名前。,JN06-02,$.jnl_JournalEntries.jnl_EntryHeader.jnl_Creator,jnl,Entry_ Header,creator,/xbrli:xbrl/gl-jnl:journalEntries/gl-jnl:entryHeader/gl-jnl:creator
17,jnl,3,A,,Last Modifier,String,0..1,,Identification for the last person modifying this entry before posting.,仕訳最終更新者,転記前に最後にこの仕訳を修正した者の識別子。,JN06-03,$.jnl_JournalEntries.jnl_EntryHeader.jnl_LastModifier,jnl,Entry_ Header,lastModifier,/xbrli:xbrl/gl-jnl:journalEntries/gl-jnl:entryHeader/gl-jnl:lastModifier
18,jnl,3,A,,Responsible Person,String,0..1,,Identifier of person who created or originated or is otherwise responsible for the entry.,責任者,仕訳を作成したか、仕訳に責任を持つ者の識別子。,JN06-04,$.jnl_JournalEntries.jnl_EntryHeader.jnl_ResponsiblePerson,jnl,Entry_ Header,responsiblePerson,/xbrli:xbrl/gl-jnl:journalEntries/gl-jnl:entryHeader/gl-jnl:responsiblePerson
19,jnl,3,A,,Type Code,Token,0..1,,"One of the following enumerated list: adjusting, budget, comparative, external-accountant, standard, passed-adjusting, eliminating, proposed, recurring, reclassifying, simulated, tax, other",種別識別子,"以下の値のうちのひとつ。_x000D_
整理、予算、比較、外部会計事務所、通常、無視、消去、提案、反復、組替、シミュレーション、税、その他_x000D_
[設定値のリスト]_x000D_
(adjusting：整理)、(budget：予算)、(comparative：比較)、(external-accountant：外部会計事務所)、(standard：通常)、(passed-adjusting：無視)、(eliminating：消去)、(proposed：提案)、(recurring：反復)、(reclassifying：組替)、(simulated：シミュレーション)、(tax：税)、(other：その他)",JN06-05,$.jnl_JournalEntries.jnl_EntryHeader.jnl_TypeCode,jnl,Entry_ Header,typeCode,/xbrli:xbrl/gl-jnl:journalEntries/gl-jnl:entryHeader/gl-jnl:typeCode
20,jnl,3,A,,Posting Code,String,0..1,,"Code for posting to period, e.g., period 1-13, based on codes in an accounting period file. We do not recommend that software vendors export here, but suggest providing period end numbers for the buckets. Possibilities W1 through W53, M1 through M13, Q1-Q4. Developers and others creating output files are encouraged to supply an actual end date.",転記コード,転記の期間を表すコード。例えば、会計期間ファイルのコードにもとづく期間１～１３。ソフトウエアベンダーが、この値をエクスポートすることは推奨しない。期間の最終番号を提供することを勧める。可能な値としては、W1からW53、M1からM13、Q1からQ4など。開発者や出力ファイルの作成者には、実際の終了日付を提供することを勧める。,JN06-06,$.jnl_JournalEntries.jnl_EntryHeader.jnl_PostingCode,jnl,Entry_ Header,postingCode,/xbrli:xbrl/gl-jnl:journalEntries/gl-jnl:entryHeader/gl-jnl:postingCode
21,jnl,3,A,,Number of Entries,Integer,0..1,,The total number of entries.,仕訳総数,仕訳の総数。,JN06-07,$.jnl_JournalEntries.jnl_EntryHeader.jnl_NumberofEntries,jnl,Entry_ Header,numberOfEntries,/xbrli:xbrl/gl-jnl:journalEntries/gl-jnl:entryHeader/gl-jnl:numberOfEntries
22,jnl,3,A,,Comment,String,0..1,,Comment of the entry,仕訳摘要,仕訳の摘要,JN06-08,$.jnl_JournalEntries.jnl_EntryHeader.jnl_Comment,jnl,Entry_ Header,comment,/xbrli:xbrl/gl-jnl:journalEntries/gl-jnl:entryHeader/gl-jnl:comment
23,jnl,3,A,,Total Debits,Monetary,0..1,,The total of all debit amounts.,借方合計,借方金額の合計値。,JN06-09,$.jnl_JournalEntries.jnl_EntryHeader.jnl_TotalDebits,jnl,Entry_ Header,totalDebits,/xbrli:xbrl/gl-jnl:journalEntries/gl-jnl:entryHeader/gl-jnl:totalDebits
24,jnl,3,A,,Total Credits,Monetary,0..1,,The total of all credit amounts.,貸方合計,貸方金額の合計値。,JN06-10,$.jnl_JournalEntries.jnl_EntryHeader.jnl_TotalCredits,jnl,Entry_ Header,totalCredits,/xbrli:xbrl/gl-jnl:journalEntries/gl-jnl:entryHeader/gl-jnl:totalCredits
25,jnl,3,C,,Entry_ Detail,,0..*,,Parent for entry detail,【仕訳明細】,仕訳明細の親タグ。,JN06-11,$.jnl_JournalEntries.jnl_EntryHeader.jnl_EntryDetail,jnl,Entry_ Detail,entryDetail,/xbrli:xbrl/gl-jnl:journalEntries/gl-jnl:entryHeader/gl-jnl:entryDetail
26,jnl,4,A,PK,Line Number,String,1,,Identifier for a particular entry detail,明細行番号,仕訳明細の識別子。,JN05-01,$.jnl_JournalEntries.jnl_EntryHeader.jnl_EntryDetail.jnl_LineNumber,jnl,Entry_ Detail,lineNumber,/xbrli:xbrl/gl-jnl:journalEntries/gl-jnl:entryHeader/gl-jnl:entryDetail/gl-jnl:lineNumber
27,jnl,4,A,,Line Number Counter,Decimal,0..1,,Unique reference for the line - a numeric counter,明細行番号カウンタ,明細行の一意なリファレンス　　カウンタ,JN05-02,$.jnl_JournalEntries.jnl_EntryHeader.jnl_EntryDetail.jnl_LineNumberCounter,jnl,Entry_ Detail,lineNumberCounter,/xbrli:xbrl/gl-jnl:journalEntries/gl-jnl:entryHeader/gl-jnl:entryDetail/gl-jnl:lineNumberCounter
28,jnl,4,A,,Posting Date,Date Time,0..1,,"At the detail level, this represents the accounting significance date. No matter what date the document is received, entered, or posted, this signifies the accounting date of the entry. If you want to see the financial results for March 5, 2002 and this entry is given that date, the entry will be part of the results for March 5, 2002. This is different from the postedDate found at the entryHeader level. If you want the accounting significance to be a particular date, it goes here. A single entry could represent multiple dates, but would only be posted on one date.",転記日付,明細レベルで、会計上意義のある日付を示す。ドキュメントの受領、入力、転記の日付に関わらず、仕訳が会計処理された日付を示す。2002.03.05の財務結果を見たいときに、ここにその日付がある場合は、この明細は2002.03.05の結果の一部である。これは、entryHeaderにあるpostedDateとは異なる。特定の日付を会計上意義のある日付にしたいなら、ここに記述する。ひとつの仕訳が複数の日付をあらわせるが、ひとつの日でのみ転記される。,JN05-03,$.jnl_JournalEntries.jnl_EntryHeader.jnl_EntryDetail.jnl_PostingDate,jnl,Entry_ Detail,postingDate,/xbrli:xbrl/gl-jnl:journalEntries/gl-jnl:entryHeader/gl-jnl:entryDetail/gl-jnl:postingDate
29,jnl,4,A,,Document Type,Token,0..1,,"An enumerated field describing the original source document, with check, debit-memo, credit-memo, finance-charge, invoice, order-customer, order-vendor, payment-other, reminder, tegata, voucher, shipment, receipt, manual-adjustment, other.",元文書種別,小切手、借方メモ、貸方メモ、財務費用、顧客への請求書、顧客オーダー、仕入先オーダー、その他支払い、督促状、手形、ベンダからの請求書、出荷票、受領票、手修正、その他の列挙値による、元文書の説明。[設定値のリスト]_x000D_ (check：小切手)、(debit-memo：借方メモ)、(credit-memo：貸方メモ)、(finance-charge：財務費用)、(invoice：顧客への請求書)、(order-customer：顧客オーダ)、(order-vendor：仕入先オーダ)、(payment-other：その他支払い)、(reminder：督促状)、(tegata：手形)、(voucher：ベンダからの請求書)、(shipment：出荷票)、(receipt：受領票)、(manual-adjustment：手修正)、(other：その他),JN05-04,$.jnl_JournalEntries.jnl_EntryHeader.jnl_EntryDetail.jnl_DocumentType,jnl,Entry_ Detail,detailDocumentType,/xbrli:xbrl/gl-jnl:journalEntries/gl-jnl:entryHeader/gl-jnl:entryDetail/gl-jnl:detailDocumentType
30,jnl,4,A,,Document Type Description,String,0..1,,Free format description of the document type,元文書種別説明,元文書の種別の説明。,JN05-05,$.jnl_JournalEntries.jnl_EntryHeader.jnl_EntryDetail.jnl_DocumentTypeDescription,jnl,Entry_ Detail,documentTypeDescription,/xbrli:xbrl/gl-jnl:journalEntries/gl-jnl:entryHeader/gl-jnl:entryDetail/gl-jnl:documentTypeDescription
31,jnl,4,A,,Detail_ Description,String,0..1,,Description of this line of detail only,説明,この明細行のみに対する説明。,JN05-06,$.jnl_JournalEntries.jnl_EntryHeader.jnl_EntryDetail.jnl_DetailDescription,jnl,Entry_ Detail,detailDescription,/xbrli:xbrl/gl-jnl:journalEntries/gl-jnl:entryHeader/gl-jnl:entryDetail/gl-jnl:detailDescription
32,jnl,4,A,,Monetary Amount,Monetary,0..1,,"This field (amount) represents the primary monetary amount related to the  subject of the entryDetail line. There is one primary monetary amount per entryDetail class. It may, for example, represent the amount of one line of a journal entry, the balance on a document, or the extended amount of a line item on an invoice. Amount is not required if detailed entry is used for non-financial work and other elements are populated, in particular measurableQuantity. The amount field is a signed number (either positive or negative itself) and used in conjunction with a separate signOfAmount and a separate debitCreditCode, which together are considered for understanding the monetary amount. The unit of measure is determined by amountCurrency if present, and by the default or home currency if amountCurrency is not present.",金額,entryDetailの代表的な金額を示す。entryDetailごとにひとつの値を持つ。たとえば、仕訳帳の行、残高、請求書の行の金額。明細が会計業務用でなく、measurableQuantityなどの他の要素が設定されている場合は不要。符号付数値であり、金額を解釈するために用意されたsignOfAmountおよびdebitCreditCodeとあわせて使用される。通貨単位はamountCurrencyで決定される。amountCurrencyが指定されない場合は、既定または自国の通貨単位となる。,JN05-07,$.jnl_JournalEntries.jnl_EntryHeader.jnl_EntryDetail.jnl_MonetaryAmount,jnl,Entry_ Detail,monetaryAmount,/xbrli:xbrl/gl-jnl:journalEntries/gl-jnl:entryHeader/gl-jnl:entryDetail/gl-jnl:monetaryAmount
33,jnl,4,A,,Currency,QName,0..1,,"The currency related to the amount can be entered here instead of the XBRL instance specified way, especially important in multi-currency situations. Recommend ISO 4217 coding.",通貨,XBRLインスタンス内に指定する方法のかわりに、金額の通貨を指定可能。多通貨環境で特に重要。ISO4217コード体系を推奨。,JN05-08,$.jnl_JournalEntries.jnl_EntryHeader.jnl_EntryDetail.jnl_Currency,jnl,Entry_ Detail,currency,/xbrli:xbrl/gl-jnl:journalEntries/gl-jnl:entryHeader/gl-jnl:entryDetail/gl-jnl:currency
34,jnl,4,A,,Sign Indication for Amount,Token,0..1,,Sign of amount; provides 4 possible fields only when used in conjunction with debitCreditCode; primarily used for correcting entries so total debits and credits after an entry error are not inflated. D + increase DebitsD - decrease debitsC + decreases creditC - increases credit,金額符号,"金額の符号。貸借識別子と関連して使用される場合にだけ、4つの可能なフィールドを提供する。記入エラー後の総貸借が膨張しないように、おもに仕訳の訂正に使用される。 D+は借方を増加させる。D-は借方を減少させる。C+は貸方を減少させる。C-は貸方を増加させる。_x000D_
[設定値のリスト]_x000D_
(+)、(-)、(plus：プラス)、(minus：マイナス)",JN05-09,$.jnl_JournalEntries.jnl_EntryHeader.jnl_EntryDetail.jnl_SignIndicationforAmount,jnl,Entry_ Detail,signIndicationForAmount,/xbrli:xbrl/gl-jnl:journalEntries/gl-jnl:entryHeader/gl-jnl:entryDetail/gl-jnl:signIndicationForAmount
35,jnl,4,A,,Debit/Credit Indicator,Token,0..1,,"Optional identifier of whether the amount is a (D)ebit, a (C)redit or Undefined",貸借区分コード,"金額が借方か貸方か不定かを示す識別子。_x000D_
[設定値のリスト]_x000D_
(D)、(C)、(debit：借方)、(credit：貸方)、(undefined：不定)",JN05-10,$.jnl_JournalEntries.jnl_EntryHeader.jnl_EntryDetail.jnl_DebitCreditIndicator,jnl,Entry_ Detail,debitCreditIndicator,/xbrli:xbrl/gl-jnl:journalEntries/gl-jnl:entryHeader/gl-jnl:entryDetail/gl-jnl:debitCreditIndicator
36,jnl,4,C,,Journal_ Account Identifier,,0..*,,"Class: parent container for account numbers and identifiers. No entry is made here, but each detail line may have multiple accounts assigned to it for reporting in different GAAPs, offsetting accounts in Japan, passing along information to consolidation systems about local versus consolidating accounts, etc. For example, the account 4783HG-QOWI-192837-1000 may be expressed so:

/account/accountMainID 1000
/account/accountMainDescription Cash
/account/accountSub/accountSubID 4783HG
/account/accountSub/accountSubDescription Department
/account/accountSub/accountSubID QOWI
/account/accountSub/accountSubDescription Branch
/account/accountSub/accountSubID 192837
/account/accountSub/accountSubDescription Division",【科目識別子】,"タプル。勘定科目番号と識別子の親コンテナ。 ここには記入されないが、個々の明細行は、異なるGAAPでの報告や、日本の見返勘定や、連結勘定科目に対する個別情報の連結会計システムへの伝達などのための、複数の勘定科目を持ちうる。例えば、勘定科目4783HG-QOWI-192837-1000は、次のように表現されうる。_x000D_
/account/accountMainID 1000
/account/accountMainDescription Cash
/account/accountSub/accountSubID 4783HG
/account/accountSub/accountSubDescription Department
/account/accountSub/accountSubID QOWI
/account/accountSub/accountSubDescription Branch
/account/accountSub/accountSubID 192837
/account/accountSub/accountSubDescription Division",JN05-11,$.jnl_JournalEntries.jnl_EntryHeader.jnl_EntryDetail.jnl_JournalAccountIdentifier,jnl,Journal_ Account Identifier,journalAccountIdentifier,/xbrli:xbrl/gl-jnl:journalEntries/gl-jnl:entryHeader/gl-jnl:entryDetail/gl-jnl:journalAccountIdentifier
37,jnl,5,A,PK,Account Number,String,1,,"Main account - the code used to identify the accounting bucket the entry has been assigned to. Examples might be 1000 for Cash, 567GAAZ for Sales Expense or Z for tax payments. Identifiers such as department, branch, division, manager, or other modifiers are noted in the Subaccount area. Before needing to post, account is not necessary. Posting to the general ledger almost always requires an entry here.",主勘定科目コード,"主勘定科目。仕訳が関連する会計バケットを特定するためのコード。例えば、現金を表す1000、販売費を表す567GAAZ、税を表すZ。_x000D_
部門、支店、事業部、マネージャ、その他の識別子は、Subaccount領域に記述される。転記の必要がなければ、勘定科目は必要ではない。総勘定元帳に転記するにはほとんどの場合必要。",JN04-01,$.jnl_JournalEntries.jnl_EntryHeader.jnl_EntryDetail.jnl_JournalAccountIdentifier.jnl_AccountNumber,jnl,Journal_ Account Identifier,accountNumber,/xbrli:xbrl/gl-jnl:journalEntries/gl-jnl:entryHeader/gl-jnl:entryDetail/gl-jnl:journalAccountIdentifier/gl-jnl:accountNumber
38,jnl,5,A,,Account Description,String,0..1,,Description of accountMainID - the human readable describer that accompanies the code used in accountMainID,主勘定科目説明,主勘定科目コードの説明。主勘定科目コードとして使用されるコードについての、人が読める記述。,JN04-02,$.jnl_JournalEntries.jnl_EntryHeader.jnl_EntryDetail.jnl_JournalAccountIdentifier.jnl_AccountDescription,jnl,Journal_ Account Identifier,accountDescription,/xbrli:xbrl/gl-jnl:journalEntries/gl-jnl:entryHeader/gl-jnl:entryDetail/gl-jnl:journalAccountIdentifier/gl-jnl:accountDescription
39,jnl,5,A,,Account Classification,Token,0..1,,"Account type - FASB Concepts 6 and similar international designs. When xbrlInfo is used to associated other XBRL reporting items, this field is more suited to representing existing systems (audit) than data interchange. Enumerated as: asset, liability, equity, income, gain, expense, loss, contr-to-equity, distr-from-equity, comprehensive-income, other.",主勘定科目区分,"主勘定科目の種別。FASB Concepts 6および、同様の国際的な様式。xbrlInfoが他のXBRL項目と関係付けられる場合、データ交換より現存システム(audit)を示すべき。_x000D_
[設定値のリスト]_x000D_
(asset：資産)、(liability：負債)、(equity：資本)、(income：収益)、(gain：利得)、(expense：費用)、(loss：損失)、(contr-to-equity：資本増加)、(distr-from-equity：資本減少)、(comprehensive-income：包括利益)、(other：その他)",JN04-03,$.jnl_JournalEntries.jnl_EntryHeader.jnl_EntryDetail.jnl_JournalAccountIdentifier.jnl_AccountClassification,jnl,Journal_ Account Identifier,accountClassification,/xbrli:xbrl/gl-jnl:journalEntries/gl-jnl:entryHeader/gl-jnl:entryDetail/gl-jnl:journalAccountIdentifier/gl-jnl:accountClassification
40,jnl,5,A,,Account Classification Description,String,0..1,,Free format description of the account classification,主勘定科目区分説明,主勘定科目の区分の説明。,JN04-04,$.jnl_JournalEntries.jnl_EntryHeader.jnl_EntryDetail.jnl_JournalAccountIdentifier.jnl_AccountClassificationDescription,jnl,Journal_ Account Identifier,accountClassificationDescription,/xbrli:xbrl/gl-jnl:journalEntries/gl-jnl:entryHeader/gl-jnl:entryDetail/gl-jnl:journalAccountIdentifier/gl-jnl:accountClassificationDescription
41,jnl,5,C,,Subaccount,,0..*,,Class to hold multiple accountSubIDs and Descriptions,【サブ科目情報】,複数のaccountSubIDと説明文を含むタプル。,JN04-05,$.jnl_JournalEntries.jnl_EntryHeader.jnl_EntryDetail.jnl_JournalAccountIdentifier.jnl_Subaccount,jnl,Subaccount,subaccount,/xbrli:xbrl/gl-jnl:journalEntries/gl-jnl:entryHeader/gl-jnl:entryDetail/gl-jnl:journalAccountIdentifier/gl-jnl:subaccount
42,jnl,6,A,,Subaccount Description,String,0..1,,The description that accompanies accountSubID belongs here.,補助勘定科目説明,accountSubIDに関する説明。,JN03-01,$.jnl_JournalEntries.jnl_EntryHeader.jnl_EntryDetail.jnl_JournalAccountIdentifier.jnl_Subaccount.jnl_SubaccountDescription,jnl,Subaccount,subaccountDescription,/xbrli:xbrl/gl-jnl:journalEntries/gl-jnl:entryHeader/gl-jnl:entryDetail/gl-jnl:journalAccountIdentifier/gl-jnl:subaccount/gl-jnl:subaccountDescription
43,jnl,6,A,,Subaccount ID,String,0..1,,"Where the primary account was placed in accountMainID, the code used for each profit center, division, business unit, fund, program, branch, project, class, su-class or other modifier is placed here.",補助勘定科目コード,主勘定科目をaccountMainIDに指定したときに、各プロフィットセンタ、事業部、事業体、基金、プログラム、支店、プロジェクト、クラス、su-クラス又は他の修飾子に使用されるコードはここに指定する。,JN03-02,$.jnl_JournalEntries.jnl_EntryHeader.jnl_EntryDetail.jnl_JournalAccountIdentifier.jnl_Subaccount.jnl_SubaccountID,jnl,Subaccount,subaccountId,/xbrli:xbrl/gl-jnl:journalEntries/gl-jnl:entryHeader/gl-jnl:entryDetail/gl-jnl:journalAccountIdentifier/gl-jnl:subaccount/gl-jnl:subaccountId
44,jnl,6,A,,Type,Token,0..1,,"Type of sub-account - profit center, division, business unit, fund, program, branch, project, class, su-class or other modifier is placed here. For example:: Accountability center: Business unit: Class:Department: Project: Fund: Program:Job: Profit center: Branch: Setup class: Division: Unit",補助勘定科目種別,小勘定科目の種別。プロフィットセンタ、事業部、事業体、基金、プログラム、支店、プロジェクト、クラス、su-クラス又は他の修飾子がここに配置される。 例えば、責任単位、事業単位、クラス、部、プロジェクト、基金、プログラム、ジョブ、プロフィットセンター、支店、セットアップクラス、部門、ユニット,JN03-03,$.jnl_JournalEntries.jnl_EntryHeader.jnl_EntryDetail.jnl_JournalAccountIdentifier.jnl_Subaccount.jnl_Type,jnl,Subaccount,type,/xbrli:xbrl/gl-jnl:journalEntries/gl-jnl:entryHeader/gl-jnl:entryDetail/gl-jnl:journalAccountIdentifier/gl-jnl:subaccount/gl-jnl:type
