value_domain_id,value,domain_qname,member_qname,linkrole
Accountant_Engagement_Type,audit,gen:vdAccountantEngagementType,gen:vdAccountantEngagementTypeAudit,https://www.xbrl.or.jp/taxonomy/xbrl-gl-next/experimental/2026-12-31/role/value-domain/vdAccountantEngagementType
Accountant_Engagement_Type,compilation,gen:vdAccountantEngagementType,gen:vdAccountantEngagementTypeCompilation,https://www.xbrl.or.jp/taxonomy/xbrl-gl-next/experimental/2026-12-31/role/value-domain/vdAccountantEngagementType
Accountant_Engagement_Type,other,gen:vdAccountantEngagementType,gen:vdAccountantEngagementTypeOther,https://www.xbrl.or.jp/taxonomy/xbrl-gl-next/experimental/2026-12-31/role/value-domain/vdAccountantEngagementType
Accountant_Engagement_Type,review,gen:vdAccountantEngagementType,gen:vdAccountantEngagementTypeReview,https://www.xbrl.or.jp/taxonomy/xbrl-gl-next/experimental/2026-12-31/role/value-domain/vdAccountantEngagementType
Accountant_Engagement_Type,tax,gen:vdAccountantEngagementType,gen:vdAccountantEngagementTypeTax,https://www.xbrl.or.jp/taxonomy/xbrl-gl-next/experimental/2026-12-31/role/value-domain/vdAccountantEngagementType
Accounting_Data_Type,Mapping,gen:vdAccountingDataType,gen:vdAccountingDataTypeMapping,https://www.xbrl.or.jp/taxonomy/xbrl-gl-next/experimental/2026-12-31/role/value-domain/vdAccountingDataType
Accounting_Data_Type,account,gen:vdAccountingDataType,gen:vdAccountingDataTypeAccount,https://www.xbrl.or.jp/taxonomy/xbrl-gl-next/experimental/2026-12-31/role/value-domain/vdAccountingDataType
Accounting_Data_Type,assets,gen:vdAccountingDataType,gen:vdAccountingDataTypeAssets,https://www.xbrl.or.jp/taxonomy/xbrl-gl-next/experimental/2026-12-31/role/value-domain/vdAccountingDataType
Accounting_Data_Type,balance,gen:vdAccountingDataType,gen:vdAccountingDataTypeBalance,https://www.xbrl.or.jp/taxonomy/xbrl-gl-next/experimental/2026-12-31/role/value-domain/vdAccountingDataType
Accounting_Data_Type,entries,gen:vdAccountingDataType,gen:vdAccountingDataTypeEntries,https://www.xbrl.or.jp/taxonomy/xbrl-gl-next/experimental/2026-12-31/role/value-domain/vdAccountingDataType
Accounting_Data_Type,journal,gen:vdAccountingDataType,gen:vdAccountingDataTypeJournal,https://www.xbrl.or.jp/taxonomy/xbrl-gl-next/experimental/2026-12-31/role/value-domain/vdAccountingDataType
Accounting_Data_Type,ledger,gen:vdAccountingDataType,gen:vdAccountingDataTypeLedger,https://www.xbrl.or.jp/taxonomy/xbrl-gl-next/experimental/2026-12-31/role/value-domain/vdAccountingDataType
Accounting_Data_Type,master_file,gen:vdAccountingDataType,gen:vdAccountingDataTypeMasterFile,https://www.xbrl.or.jp/taxonomy/xbrl-gl-next/experimental/2026-12-31/role/value-domain/vdAccountingDataType
Accounting_Data_Type,other,gen:vdAccountingDataType,gen:vdAccountingDataTypeOther,https://www.xbrl.or.jp/taxonomy/xbrl-gl-next/experimental/2026-12-31/role/value-domain/vdAccountingDataType
Accounting_Data_Type,profile_compliant,gen:vdAccountingDataType,gen:vdAccountingDataTypeProfileCompliant,https://www.xbrl.or.jp/taxonomy/xbrl-gl-next/experimental/2026-12-31/role/value-domain/vdAccountingDataType
Accounting_Data_Type,taxtables,gen:vdAccountingDataType,gen:vdAccountingDataTypeTaxtables,https://www.xbrl.or.jp/taxonomy/xbrl-gl-next/experimental/2026-12-31/role/value-domain/vdAccountingDataType
Accounting_Data_Type,trade_documents,gen:vdAccountingDataType,gen:vdAccountingDataTypeTradeDocuments,https://www.xbrl.or.jp/taxonomy/xbrl-gl-next/experimental/2026-12-31/role/value-domain/vdAccountingDataType
Accounting_Data_Type,trialbalance,gen:vdAccountingDataType,gen:vdAccountingDataTypeTrialbalance,https://www.xbrl.or.jp/taxonomy/xbrl-gl-next/experimental/2026-12-31/role/value-domain/vdAccountingDataType
Accounting_Data_Type,versioning,gen:vdAccountingDataType,gen:vdAccountingDataTypeVersioning,https://www.xbrl.or.jp/taxonomy/xbrl-gl-next/experimental/2026-12-31/role/value-domain/vdAccountingDataType
Accounting_Method,accrual,gen:vdAccountingMethod,gen:vdAccountingMethodAccrual,https://www.xbrl.or.jp/taxonomy/xbrl-gl-next/experimental/2026-12-31/role/value-domain/vdAccountingMethod
Accounting_Method,cash,gen:vdAccountingMethod,gen:vdAccountingMethodCash,https://www.xbrl.or.jp/taxonomy/xbrl-gl-next/experimental/2026-12-31/role/value-domain/vdAccountingMethod
Accounting_Method,encumbrance,gen:vdAccountingMethod,gen:vdAccountingMethodEncumbrance,https://www.xbrl.or.jp/taxonomy/xbrl-gl-next/experimental/2026-12-31/role/value-domain/vdAccountingMethod
Accounting_Method,hybrid methods,gen:vdAccountingMethod,gen:vdAccountingMethodHybridMethods,https://www.xbrl.or.jp/taxonomy/xbrl-gl-next/experimental/2026-12-31/role/value-domain/vdAccountingMethod
Accounting_Method,modified accrual,gen:vdAccountingMethod,gen:vdAccountingMethodModifiedAccrual,https://www.xbrl.or.jp/taxonomy/xbrl-gl-next/experimental/2026-12-31/role/value-domain/vdAccountingMethod
Accounting_Method,modified cash,gen:vdAccountingMethod,gen:vdAccountingMethodModifiedCash,https://www.xbrl.or.jp/taxonomy/xbrl-gl-next/experimental/2026-12-31/role/value-domain/vdAccountingMethod
Accounting_Method,other,gen:vdAccountingMethod,gen:vdAccountingMethodOther,https://www.xbrl.or.jp/taxonomy/xbrl-gl-next/experimental/2026-12-31/role/value-domain/vdAccountingMethod
Accounting_Method,special methods,gen:vdAccountingMethod,gen:vdAccountingMethodSpecialMethods,https://www.xbrl.or.jp/taxonomy/xbrl-gl-next/experimental/2026-12-31/role/value-domain/vdAccountingMethod
Accounting_Purpose,book,gen:vdAccountingPurpose,gen:vdAccountingPurposeBook,https://www.xbrl.or.jp/taxonomy/xbrl-gl-next/experimental/2026-12-31/role/value-domain/vdAccountingPurpose
Accounting_Purpose,management,gen:vdAccountingPurpose,gen:vdAccountingPurposeManagement,https://www.xbrl.or.jp/taxonomy/xbrl-gl-next/experimental/2026-12-31/role/value-domain/vdAccountingPurpose
Accounting_Purpose,other,gen:vdAccountingPurpose,gen:vdAccountingPurposeOther,https://www.xbrl.or.jp/taxonomy/xbrl-gl-next/experimental/2026-12-31/role/value-domain/vdAccountingPurpose
Accounting_Purpose,statutory,gen:vdAccountingPurpose,gen:vdAccountingPurposeStatutory,https://www.xbrl.or.jp/taxonomy/xbrl-gl-next/experimental/2026-12-31/role/value-domain/vdAccountingPurpose
Accounting_Purpose,tax,gen:vdAccountingPurpose,gen:vdAccountingPurposeTax,https://www.xbrl.or.jp/taxonomy/xbrl-gl-next/experimental/2026-12-31/role/value-domain/vdAccountingPurpose
Address_Purpose,delivery,gen:vdAddressPurpose,gen:vdAddressPurposeDelivery,https://www.xbrl.or.jp/taxonomy/xbrl-gl-next/experimental/2026-12-31/role/value-domain/vdAddressPurpose
Address_Purpose,postal,gen:vdAddressPurpose,gen:vdAddressPurposePostal,https://www.xbrl.or.jp/taxonomy/xbrl-gl-next/experimental/2026-12-31/role/value-domain/vdAddressPurpose
Adjustment_Type,allowance,gen:vdAdjustmentType,gen:vdAdjustmentTypeAllowance,https://www.xbrl.or.jp/taxonomy/xbrl-gl-next/experimental/2026-12-31/role/value-domain/vdAdjustmentType
Adjustment_Type,charge,gen:vdAdjustmentType,gen:vdAdjustmentTypeCharge,https://www.xbrl.or.jp/taxonomy/xbrl-gl-next/experimental/2026-12-31/role/value-domain/vdAdjustmentType
Amount_Type,allowanceTotal,gen:vdAmountType,gen:vdAmountTypeAllowanceTotal,https://www.xbrl.or.jp/taxonomy/xbrl-gl-next/experimental/2026-12-31/role/value-domain/vdAmountType
Amount_Type,amountDue,gen:vdAmountType,gen:vdAmountTypeAmountDue,https://www.xbrl.or.jp/taxonomy/xbrl-gl-next/experimental/2026-12-31/role/value-domain/vdAmountType
Amount_Type,chargeTotal,gen:vdAmountType,gen:vdAmountTypeChargeTotal,https://www.xbrl.or.jp/taxonomy/xbrl-gl-next/experimental/2026-12-31/role/value-domain/vdAmountType
Amount_Type,invoiceTotal,gen:vdAmountType,gen:vdAmountTypeInvoiceTotal,https://www.xbrl.or.jp/taxonomy/xbrl-gl-next/experimental/2026-12-31/role/value-domain/vdAmountType
Amount_Type,lineNetAmount,gen:vdAmountType,gen:vdAmountTypeLineNetAmount,https://www.xbrl.or.jp/taxonomy/xbrl-gl-next/experimental/2026-12-31/role/value-domain/vdAmountType
Amount_Type,lineNetTotal,gen:vdAmountType,gen:vdAmountTypeLineNetTotal,https://www.xbrl.or.jp/taxonomy/xbrl-gl-next/experimental/2026-12-31/role/value-domain/vdAmountType
Amount_Type,paidAmount,gen:vdAmountType,gen:vdAmountTypePaidAmount,https://www.xbrl.or.jp/taxonomy/xbrl-gl-next/experimental/2026-12-31/role/value-domain/vdAmountType
Amount_Type,roundingAmount,gen:vdAmountType,gen:vdAmountTypeRoundingAmount,https://www.xbrl.or.jp/taxonomy/xbrl-gl-next/experimental/2026-12-31/role/value-domain/vdAmountType
Amount_Type,taxExclusiveTotal,gen:vdAmountType,gen:vdAmountTypeTaxExclusiveTotal,https://www.xbrl.or.jp/taxonomy/xbrl-gl-next/experimental/2026-12-31/role/value-domain/vdAmountType
Amount_Type,taxTotal,gen:vdAmountType,gen:vdAmountTypeTaxTotal,https://www.xbrl.or.jp/taxonomy/xbrl-gl-next/experimental/2026-12-31/role/value-domain/vdAmountType
Amount_Type,taxTotalAccountingCurrency,gen:vdAmountType,gen:vdAmountTypeTaxTotalAccountingCurrency,https://www.xbrl.or.jp/taxonomy/xbrl-gl-next/experimental/2026-12-31/role/value-domain/vdAmountType
Comment_Type,batch,gen:vdCommentType,gen:vdCommentTypeBatch,https://www.xbrl.or.jp/taxonomy/xbrl-gl-next/experimental/2026-12-31/role/value-domain/vdCommentType
Comment_Type,footnote,gen:vdCommentType,gen:vdCommentTypeFootnote,https://www.xbrl.or.jp/taxonomy/xbrl-gl-next/experimental/2026-12-31/role/value-domain/vdCommentType
Comment_Type,link_footnote,gen:vdCommentType,gen:vdCommentTypeLinkFootnote,https://www.xbrl.or.jp/taxonomy/xbrl-gl-next/experimental/2026-12-31/role/value-domain/vdCommentType
Comment_Type,other,gen:vdCommentType,gen:vdCommentTypeOther,https://www.xbrl.or.jp/taxonomy/xbrl-gl-next/experimental/2026-12-31/role/value-domain/vdCommentType
Comment_Type,source_document,gen:vdCommentType,gen:vdCommentTypeSourceDocument,https://www.xbrl.or.jp/taxonomy/xbrl-gl-next/experimental/2026-12-31/role/value-domain/vdCommentType
Comment_Type,source_journal,gen:vdCommentType,gen:vdCommentTypeSourceJournal,https://www.xbrl.or.jp/taxonomy/xbrl-gl-next/experimental/2026-12-31/role/value-domain/vdCommentType
Depreciation_Jurisdiction,federal,gen:vdDepreciationJurisdiction,gen:vdDepreciationJurisdictionFederal,https://www.xbrl.or.jp/taxonomy/xbrl-gl-next/experimental/2026-12-31/role/value-domain/vdDepreciationJurisdiction
Depreciation_Jurisdiction,local,gen:vdDepreciationJurisdiction,gen:vdDepreciationJurisdictionLocal,https://www.xbrl.or.jp/taxonomy/xbrl-gl-next/experimental/2026-12-31/role/value-domain/vdDepreciationJurisdiction
Depreciation_Jurisdiction,other,gen:vdDepreciationJurisdiction,gen:vdDepreciationJurisdictionOther,https://www.xbrl.or.jp/taxonomy/xbrl-gl-next/experimental/2026-12-31/role/value-domain/vdDepreciationJurisdiction
Depreciation_Jurisdiction,state,gen:vdDepreciationJurisdiction,gen:vdDepreciationJurisdictionState,https://www.xbrl.or.jp/taxonomy/xbrl-gl-next/experimental/2026-12-31/role/value-domain/vdDepreciationJurisdiction
Document_Type,check,gen:vdDocumentType,gen:vdDocumentTypeCheck,https://www.xbrl.or.jp/taxonomy/xbrl-gl-next/experimental/2026-12-31/role/value-domain/vdDocumentType
Document_Type,credit-memo,gen:vdDocumentType,gen:vdDocumentTypeCreditMemo,https://www.xbrl.or.jp/taxonomy/xbrl-gl-next/experimental/2026-12-31/role/value-domain/vdDocumentType
Document_Type,debit-memo,gen:vdDocumentType,gen:vdDocumentTypeDebitMemo,https://www.xbrl.or.jp/taxonomy/xbrl-gl-next/experimental/2026-12-31/role/value-domain/vdDocumentType
Document_Type,finance-charge,gen:vdDocumentType,gen:vdDocumentTypeFinanceCharge,https://www.xbrl.or.jp/taxonomy/xbrl-gl-next/experimental/2026-12-31/role/value-domain/vdDocumentType
Document_Type,invoice,gen:vdDocumentType,gen:vdDocumentTypeInvoice,https://www.xbrl.or.jp/taxonomy/xbrl-gl-next/experimental/2026-12-31/role/value-domain/vdDocumentType
Document_Type,manual-adjustment,gen:vdDocumentType,gen:vdDocumentTypeManualAdjustment,https://www.xbrl.or.jp/taxonomy/xbrl-gl-next/experimental/2026-12-31/role/value-domain/vdDocumentType
Document_Type,order-customer,gen:vdDocumentType,gen:vdDocumentTypeOrderCustomer,https://www.xbrl.or.jp/taxonomy/xbrl-gl-next/experimental/2026-12-31/role/value-domain/vdDocumentType
Document_Type,order-vendor,gen:vdDocumentType,gen:vdDocumentTypeOrderVendor,https://www.xbrl.or.jp/taxonomy/xbrl-gl-next/experimental/2026-12-31/role/value-domain/vdDocumentType
Document_Type,other,gen:vdDocumentType,gen:vdDocumentTypeOther,https://www.xbrl.or.jp/taxonomy/xbrl-gl-next/experimental/2026-12-31/role/value-domain/vdDocumentType
Document_Type,payment-other,gen:vdDocumentType,gen:vdDocumentTypePaymentOther,https://www.xbrl.or.jp/taxonomy/xbrl-gl-next/experimental/2026-12-31/role/value-domain/vdDocumentType
Document_Type,receipt,gen:vdDocumentType,gen:vdDocumentTypeReceipt,https://www.xbrl.or.jp/taxonomy/xbrl-gl-next/experimental/2026-12-31/role/value-domain/vdDocumentType
Document_Type,reminder,gen:vdDocumentType,gen:vdDocumentTypeReminder,https://www.xbrl.or.jp/taxonomy/xbrl-gl-next/experimental/2026-12-31/role/value-domain/vdDocumentType
Document_Type,shipment,gen:vdDocumentType,gen:vdDocumentTypeShipment,https://www.xbrl.or.jp/taxonomy/xbrl-gl-next/experimental/2026-12-31/role/value-domain/vdDocumentType
Document_Type,tegata,gen:vdDocumentType,gen:vdDocumentTypeTegata,https://www.xbrl.or.jp/taxonomy/xbrl-gl-next/experimental/2026-12-31/role/value-domain/vdDocumentType
Document_Type,voucher,gen:vdDocumentType,gen:vdDocumentTypeVoucher,https://www.xbrl.or.jp/taxonomy/xbrl-gl-next/experimental/2026-12-31/role/value-domain/vdDocumentType
Entry_Type,adjusting,gen:vdEntryType,gen:vdEntryTypeAdjusting,https://www.xbrl.or.jp/taxonomy/xbrl-gl-next/experimental/2026-12-31/role/value-domain/vdEntryType
Entry_Type,budget,gen:vdEntryType,gen:vdEntryTypeBudget,https://www.xbrl.or.jp/taxonomy/xbrl-gl-next/experimental/2026-12-31/role/value-domain/vdEntryType
Entry_Type,comparative,gen:vdEntryType,gen:vdEntryTypeComparative,https://www.xbrl.or.jp/taxonomy/xbrl-gl-next/experimental/2026-12-31/role/value-domain/vdEntryType
Entry_Type,eliminating,gen:vdEntryType,gen:vdEntryTypeEliminating,https://www.xbrl.or.jp/taxonomy/xbrl-gl-next/experimental/2026-12-31/role/value-domain/vdEntryType
Entry_Type,external-accountant,gen:vdEntryType,gen:vdEntryTypeExternalAccountant,https://www.xbrl.or.jp/taxonomy/xbrl-gl-next/experimental/2026-12-31/role/value-domain/vdEntryType
Entry_Type,other,gen:vdEntryType,gen:vdEntryTypeOther,https://www.xbrl.or.jp/taxonomy/xbrl-gl-next/experimental/2026-12-31/role/value-domain/vdEntryType
Entry_Type,passed-adjusting,gen:vdEntryType,gen:vdEntryTypePassedAdjusting,https://www.xbrl.or.jp/taxonomy/xbrl-gl-next/experimental/2026-12-31/role/value-domain/vdEntryType
Entry_Type,proposed,gen:vdEntryType,gen:vdEntryTypeProposed,https://www.xbrl.or.jp/taxonomy/xbrl-gl-next/experimental/2026-12-31/role/value-domain/vdEntryType
Entry_Type,reclassifying,gen:vdEntryType,gen:vdEntryTypeReclassifying,https://www.xbrl.or.jp/taxonomy/xbrl-gl-next/experimental/2026-12-31/role/value-domain/vdEntryType
Entry_Type,recurring,gen:vdEntryType,gen:vdEntryTypeRecurring,https://www.xbrl.or.jp/taxonomy/xbrl-gl-next/experimental/2026-12-31/role/value-domain/vdEntryType
Entry_Type,simulated,gen:vdEntryType,gen:vdEntryTypeSimulated,https://www.xbrl.or.jp/taxonomy/xbrl-gl-next/experimental/2026-12-31/role/value-domain/vdEntryType
Entry_Type,standard,gen:vdEntryType,gen:vdEntryTypeStandard,https://www.xbrl.or.jp/taxonomy/xbrl-gl-next/experimental/2026-12-31/role/value-domain/vdEntryType
Entry_Type,tax,gen:vdEntryType,gen:vdEntryTypeTax,https://www.xbrl.or.jp/taxonomy/xbrl-gl-next/experimental/2026-12-31/role/value-domain/vdEntryType
Identifier_Purpose,VAT,gen:vdIdentifierPurpose,gen:vdIdentifierPurposeVAT,https://www.xbrl.or.jp/taxonomy/xbrl-gl-next/experimental/2026-12-31/role/value-domain/vdIdentifierPurpose
Identifier_Purpose,electronicAddress,gen:vdIdentifierPurpose,gen:vdIdentifierPurposeElectronicAddress,https://www.xbrl.or.jp/taxonomy/xbrl-gl-next/experimental/2026-12-31/role/value-domain/vdIdentifierPurpose
Identifier_Purpose,legalRegistration,gen:vdIdentifierPurpose,gen:vdIdentifierPurposeLegalRegistration,https://www.xbrl.or.jp/taxonomy/xbrl-gl-next/experimental/2026-12-31/role/value-domain/vdIdentifierPurpose
Identifier_Purpose,location,gen:vdIdentifierPurpose,gen:vdIdentifierPurposeLocation,https://www.xbrl.or.jp/taxonomy/xbrl-gl-next/experimental/2026-12-31/role/value-domain/vdIdentifierPurpose
Identifier_Purpose,taxRegistration,gen:vdIdentifierPurpose,gen:vdIdentifierPurposeTaxRegistration,https://www.xbrl.or.jp/taxonomy/xbrl-gl-next/experimental/2026-12-31/role/value-domain/vdIdentifierPurpose
Identifier_Type,contractor,gen:vdIdentifierType,gen:vdIdentifierTypeContractor,https://www.xbrl.or.jp/taxonomy/xbrl-gl-next/experimental/2026-12-31/role/value-domain/vdIdentifierType
Identifier_Type,customer,gen:vdIdentifierType,gen:vdIdentifierTypeCustomer,https://www.xbrl.or.jp/taxonomy/xbrl-gl-next/experimental/2026-12-31/role/value-domain/vdIdentifierType
Identifier_Type,deliverTo,gen:vdIdentifierType,gen:vdIdentifierTypeDeliverTo,https://www.xbrl.or.jp/taxonomy/xbrl-gl-next/experimental/2026-12-31/role/value-domain/vdIdentifierType
Identifier_Type,employee,gen:vdIdentifierType,gen:vdIdentifierTypeEmployee,https://www.xbrl.or.jp/taxonomy/xbrl-gl-next/experimental/2026-12-31/role/value-domain/vdIdentifierType
Identifier_Type,other,gen:vdIdentifierType,gen:vdIdentifierTypeOther,https://www.xbrl.or.jp/taxonomy/xbrl-gl-next/experimental/2026-12-31/role/value-domain/vdIdentifierType
Identifier_Type,payee,gen:vdIdentifierType,gen:vdIdentifierTypePayee,https://www.xbrl.or.jp/taxonomy/xbrl-gl-next/experimental/2026-12-31/role/value-domain/vdIdentifierType
Identifier_Type,salesperson-external,gen:vdIdentifierType,gen:vdIdentifierTypeSalespersonExternal,https://www.xbrl.or.jp/taxonomy/xbrl-gl-next/experimental/2026-12-31/role/value-domain/vdIdentifierType
Identifier_Type,salesperson-internal,gen:vdIdentifierType,gen:vdIdentifierTypeSalespersonInternal,https://www.xbrl.or.jp/taxonomy/xbrl-gl-next/experimental/2026-12-31/role/value-domain/vdIdentifierType
Identifier_Type,taxRepresentative,gen:vdIdentifierType,gen:vdIdentifierTypeTaxRepresentative,https://www.xbrl.or.jp/taxonomy/xbrl-gl-next/experimental/2026-12-31/role/value-domain/vdIdentifierType
Identifier_Type,vendor,gen:vdIdentifierType,gen:vdIdentifierTypeVendor,https://www.xbrl.or.jp/taxonomy/xbrl-gl-next/experimental/2026-12-31/role/value-domain/vdIdentifierType
Measurable_Class,assemblies,gen:vdMeasurableClass,gen:vdMeasurableClassAssemblies,https://www.xbrl.or.jp/taxonomy/xbrl-gl-next/experimental/2026-12-31/role/value-domain/vdMeasurableClass
Measurable_Class,building,gen:vdMeasurableClass,gen:vdMeasurableClassBuilding,https://www.xbrl.or.jp/taxonomy/xbrl-gl-next/experimental/2026-12-31/role/value-domain/vdMeasurableClass
Measurable_Class,finished goods,gen:vdMeasurableClass,gen:vdMeasurableClassFinishedGoods,https://www.xbrl.or.jp/taxonomy/xbrl-gl-next/experimental/2026-12-31/role/value-domain/vdMeasurableClass
Measurable_Class,furniture,gen:vdMeasurableClass,gen:vdMeasurableClassFurniture,https://www.xbrl.or.jp/taxonomy/xbrl-gl-next/experimental/2026-12-31/role/value-domain/vdMeasurableClass
Measurable_Class,land,gen:vdMeasurableClass,gen:vdMeasurableClassLand,https://www.xbrl.or.jp/taxonomy/xbrl-gl-next/experimental/2026-12-31/role/value-domain/vdMeasurableClass
Measurable_Class,machinery,gen:vdMeasurableClass,gen:vdMeasurableClassMachinery,https://www.xbrl.or.jp/taxonomy/xbrl-gl-next/experimental/2026-12-31/role/value-domain/vdMeasurableClass
Measurable_Class,other,gen:vdMeasurableClass,gen:vdMeasurableClassOther,https://www.xbrl.or.jp/taxonomy/xbrl-gl-next/experimental/2026-12-31/role/value-domain/vdMeasurableClass
Measurable_Class,raw material,gen:vdMeasurableClass,gen:vdMeasurableClassRawMaterial,https://www.xbrl.or.jp/taxonomy/xbrl-gl-next/experimental/2026-12-31/role/value-domain/vdMeasurableClass
Measurable_Class,supplies,gen:vdMeasurableClass,gen:vdMeasurableClassSupplies,https://www.xbrl.or.jp/taxonomy/xbrl-gl-next/experimental/2026-12-31/role/value-domain/vdMeasurableClass
Measurable_Class,vehicles,gen:vdMeasurableClass,gen:vdMeasurableClassVehicles,https://www.xbrl.or.jp/taxonomy/xbrl-gl-next/experimental/2026-12-31/role/value-domain/vdMeasurableClass
Measurable_Class,work-in-process,gen:vdMeasurableClass,gen:vdMeasurableClassWorkInProcess,https://www.xbrl.or.jp/taxonomy/xbrl-gl-next/experimental/2026-12-31/role/value-domain/vdMeasurableClass
Measurable_Code,BP,gen:vdMeasurableCode,gen:vdMeasurableCodeBP,https://www.xbrl.or.jp/taxonomy/xbrl-gl-next/experimental/2026-12-31/role/value-domain/vdMeasurableCode
Measurable_Code,FA,gen:vdMeasurableCode,gen:vdMeasurableCodeFA,https://www.xbrl.or.jp/taxonomy/xbrl-gl-next/experimental/2026-12-31/role/value-domain/vdMeasurableCode
Measurable_Code,IN,gen:vdMeasurableCode,gen:vdMeasurableCodeIN,https://www.xbrl.or.jp/taxonomy/xbrl-gl-next/experimental/2026-12-31/role/value-domain/vdMeasurableCode
Measurable_Code,KPI,gen:vdMeasurableCode,gen:vdMeasurableCodeKPI,https://www.xbrl.or.jp/taxonomy/xbrl-gl-next/experimental/2026-12-31/role/value-domain/vdMeasurableCode
Measurable_Code,NT,gen:vdMeasurableCode,gen:vdMeasurableCodeNT,https://www.xbrl.or.jp/taxonomy/xbrl-gl-next/experimental/2026-12-31/role/value-domain/vdMeasurableCode
Measurable_Code,OT,gen:vdMeasurableCode,gen:vdMeasurableCodeOT,https://www.xbrl.or.jp/taxonomy/xbrl-gl-next/experimental/2026-12-31/role/value-domain/vdMeasurableCode
Measurable_Code,SP,gen:vdMeasurableCode,gen:vdMeasurableCodeSP,https://www.xbrl.or.jp/taxonomy/xbrl-gl-next/experimental/2026-12-31/role/value-domain/vdMeasurableCode
Measurable_Code,SV-M,gen:vdMeasurableCode,gen:vdMeasurableCodeM,https://www.xbrl.or.jp/taxonomy/xbrl-gl-next/experimental/2026-12-31/role/value-domain/vdMeasurableCode
Measurable_Code,SV-P,gen:vdMeasurableCode,gen:vdMeasurableCodeP,https://www.xbrl.or.jp/taxonomy/xbrl-gl-next/experimental/2026-12-31/role/value-domain/vdMeasurableCode
Organization_Type,individual,gen:vdOrganizationType,gen:vdOrganizationTypeIndividual,https://www.xbrl.or.jp/taxonomy/xbrl-gl-next/experimental/2026-12-31/role/value-domain/vdOrganizationType
Organization_Type,organization,gen:vdOrganizationType,gen:vdOrganizationTypeOrganization,https://www.xbrl.or.jp/taxonomy/xbrl-gl-next/experimental/2026-12-31/role/value-domain/vdOrganizationType
Organization_Type,other,gen:vdOrganizationType,gen:vdOrganizationTypeOther,https://www.xbrl.or.jp/taxonomy/xbrl-gl-next/experimental/2026-12-31/role/value-domain/vdOrganizationType
Party_Type,buyer,gen:vdPartyType,gen:vdPartyTypeBuyer,https://www.xbrl.or.jp/taxonomy/xbrl-gl-next/experimental/2026-12-31/role/value-domain/vdPartyType
Party_Type,deliverTo,gen:vdPartyType,gen:vdPartyTypeDeliverTo,https://www.xbrl.or.jp/taxonomy/xbrl-gl-next/experimental/2026-12-31/role/value-domain/vdPartyType
Party_Type,payee,gen:vdPartyType,gen:vdPartyTypePayee,https://www.xbrl.or.jp/taxonomy/xbrl-gl-next/experimental/2026-12-31/role/value-domain/vdPartyType
Party_Type,seller,gen:vdPartyType,gen:vdPartyTypeSeller,https://www.xbrl.or.jp/taxonomy/xbrl-gl-next/experimental/2026-12-31/role/value-domain/vdPartyType
Party_Type,taxRepresentative,gen:vdPartyType,gen:vdPartyTypeTaxRepresentative,https://www.xbrl.or.jp/taxonomy/xbrl-gl-next/experimental/2026-12-31/role/value-domain/vdPartyType
Period_Unit,ad-hoc,gen:vdPeriodUnit,gen:vdPeriodUnitAdHoc,https://www.xbrl.or.jp/taxonomy/xbrl-gl-next/experimental/2026-12-31/role/value-domain/vdPeriodUnit
Period_Unit,annual,gen:vdPeriodUnit,gen:vdPeriodUnitAnnual,https://www.xbrl.or.jp/taxonomy/xbrl-gl-next/experimental/2026-12-31/role/value-domain/vdPeriodUnit
Period_Unit,bi-weekly,gen:vdPeriodUnit,gen:vdPeriodUnitBiWeekly,https://www.xbrl.or.jp/taxonomy/xbrl-gl-next/experimental/2026-12-31/role/value-domain/vdPeriodUnit
Period_Unit,current-period-only,gen:vdPeriodUnit,gen:vdPeriodUnitCurrentPeriodOnly,https://www.xbrl.or.jp/taxonomy/xbrl-gl-next/experimental/2026-12-31/role/value-domain/vdPeriodUnit
Period_Unit,daily,gen:vdPeriodUnit,gen:vdPeriodUnitDaily,https://www.xbrl.or.jp/taxonomy/xbrl-gl-next/experimental/2026-12-31/role/value-domain/vdPeriodUnit
Period_Unit,monthly,gen:vdPeriodUnit,gen:vdPeriodUnitMonthly,https://www.xbrl.or.jp/taxonomy/xbrl-gl-next/experimental/2026-12-31/role/value-domain/vdPeriodUnit
Period_Unit,other,gen:vdPeriodUnit,gen:vdPeriodUnitOther,https://www.xbrl.or.jp/taxonomy/xbrl-gl-next/experimental/2026-12-31/role/value-domain/vdPeriodUnit
Period_Unit,quarterly,gen:vdPeriodUnit,gen:vdPeriodUnitQuarterly,https://www.xbrl.or.jp/taxonomy/xbrl-gl-next/experimental/2026-12-31/role/value-domain/vdPeriodUnit
Period_Unit,semi-monthly,gen:vdPeriodUnit,gen:vdPeriodUnitSemiMonthly,https://www.xbrl.or.jp/taxonomy/xbrl-gl-next/experimental/2026-12-31/role/value-domain/vdPeriodUnit
Period_Unit,semiannual,gen:vdPeriodUnit,gen:vdPeriodUnitSemiannual,https://www.xbrl.or.jp/taxonomy/xbrl-gl-next/experimental/2026-12-31/role/value-domain/vdPeriodUnit
Period_Unit,thirdly,gen:vdPeriodUnit,gen:vdPeriodUnitThirdly,https://www.xbrl.or.jp/taxonomy/xbrl-gl-next/experimental/2026-12-31/role/value-domain/vdPeriodUnit
Period_Unit,weekly,gen:vdPeriodUnit,gen:vdPeriodUnitWeekly,https://www.xbrl.or.jp/taxonomy/xbrl-gl-next/experimental/2026-12-31/role/value-domain/vdPeriodUnit
Phone_Number_Type,bookkeeper,gen:vdPhoneNumberType,gen:vdPhoneNumberTypeBookkeeper,https://www.xbrl.or.jp/taxonomy/xbrl-gl-next/experimental/2026-12-31/role/value-domain/vdPhoneNumberType
Phone_Number_Type,controller,gen:vdPhoneNumberType,gen:vdPhoneNumberTypeController,https://www.xbrl.or.jp/taxonomy/xbrl-gl-next/experimental/2026-12-31/role/value-domain/vdPhoneNumberType
Phone_Number_Type,direct,gen:vdPhoneNumberType,gen:vdPhoneNumberTypeDirect,https://www.xbrl.or.jp/taxonomy/xbrl-gl-next/experimental/2026-12-31/role/value-domain/vdPhoneNumberType
Phone_Number_Type,fax,gen:vdPhoneNumberType,gen:vdPhoneNumberTypeFax,https://www.xbrl.or.jp/taxonomy/xbrl-gl-next/experimental/2026-12-31/role/value-domain/vdPhoneNumberType
Phone_Number_Type,investor-relations,gen:vdPhoneNumberType,gen:vdPhoneNumberTypeInvestorRelations,https://www.xbrl.or.jp/taxonomy/xbrl-gl-next/experimental/2026-12-31/role/value-domain/vdPhoneNumberType
Phone_Number_Type,main,gen:vdPhoneNumberType,gen:vdPhoneNumberTypeMain,https://www.xbrl.or.jp/taxonomy/xbrl-gl-next/experimental/2026-12-31/role/value-domain/vdPhoneNumberType
Phone_Number_Type,other,gen:vdPhoneNumberType,gen:vdPhoneNumberTypeOther,https://www.xbrl.or.jp/taxonomy/xbrl-gl-next/experimental/2026-12-31/role/value-domain/vdPhoneNumberType
Phone_Number_Type,switchboard,gen:vdPhoneNumberType,gen:vdPhoneNumberTypeSwitchboard,https://www.xbrl.or.jp/taxonomy/xbrl-gl-next/experimental/2026-12-31/role/value-domain/vdPhoneNumberType
Posting_Status,cancelled,gen:vdPostingStatus,gen:vdPostingStatusCancelled,https://www.xbrl.or.jp/taxonomy/xbrl-gl-next/experimental/2026-12-31/role/value-domain/vdPostingStatus
Posting_Status,deferred,gen:vdPostingStatus,gen:vdPostingStatusDeferred,https://www.xbrl.or.jp/taxonomy/xbrl-gl-next/experimental/2026-12-31/role/value-domain/vdPostingStatus
Posting_Status,other,gen:vdPostingStatus,gen:vdPostingStatusOther,https://www.xbrl.or.jp/taxonomy/xbrl-gl-next/experimental/2026-12-31/role/value-domain/vdPostingStatus
Posting_Status,posted,gen:vdPostingStatus,gen:vdPostingStatusPosted,https://www.xbrl.or.jp/taxonomy/xbrl-gl-next/experimental/2026-12-31/role/value-domain/vdPostingStatus
Posting_Status,proposed,gen:vdPostingStatus,gen:vdPostingStatusProposed,https://www.xbrl.or.jp/taxonomy/xbrl-gl-next/experimental/2026-12-31/role/value-domain/vdPostingStatus
Posting_Status,simulated,gen:vdPostingStatus,gen:vdPostingStatusSimulated,https://www.xbrl.or.jp/taxonomy/xbrl-gl-next/experimental/2026-12-31/role/value-domain/vdPostingStatus
Posting_Status,tax,gen:vdPostingStatus,gen:vdPostingStatusTax,https://www.xbrl.or.jp/taxonomy/xbrl-gl-next/experimental/2026-12-31/role/value-domain/vdPostingStatus
Posting_Status,unposted,gen:vdPostingStatus,gen:vdPostingStatusUnposted,https://www.xbrl.or.jp/taxonomy/xbrl-gl-next/experimental/2026-12-31/role/value-domain/vdPostingStatus
Reference_Purpose,contract,gen:vdReferencePurpose,gen:vdReferencePurposeContract,https://www.xbrl.or.jp/taxonomy/xbrl-gl-next/experimental/2026-12-31/role/value-domain/vdReferencePurpose
Reference_Purpose,project,gen:vdReferencePurpose,gen:vdReferencePurposeProject,https://www.xbrl.or.jp/taxonomy/xbrl-gl-next/experimental/2026-12-31/role/value-domain/vdReferencePurpose
Reference_Purpose,tenderOrLot,gen:vdReferencePurpose,gen:vdReferencePurposeTenderOrLot,https://www.xbrl.or.jp/taxonomy/xbrl-gl-next/experimental/2026-12-31/role/value-domain/vdReferencePurpose
Reporting_Calendar_Status,closed,gen:vdReportingCalendarStatus,gen:vdReportingCalendarStatusClosed,https://www.xbrl.or.jp/taxonomy/xbrl-gl-next/experimental/2026-12-31/role/value-domain/vdReportingCalendarStatus
Reporting_Calendar_Status,open,gen:vdReportingCalendarStatus,gen:vdReportingCalendarStatusOpen,https://www.xbrl.or.jp/taxonomy/xbrl-gl-next/experimental/2026-12-31/role/value-domain/vdReportingCalendarStatus
Reporting_Calendar_Status,pending,gen:vdReportingCalendarStatus,gen:vdReportingCalendarStatusPending,https://www.xbrl.or.jp/taxonomy/xbrl-gl-next/experimental/2026-12-31/role/value-domain/vdReportingCalendarStatus
Reporting_Period_Type,4-5-4,gen:vdReportingPeriodType,gen:vdReportingPeriodTypeN454,https://www.xbrl.or.jp/taxonomy/xbrl-gl-next/experimental/2026-12-31/role/value-domain/vdReportingPeriodType
Reporting_Period_Type,ad-hoc,gen:vdReportingPeriodType,gen:vdReportingPeriodTypeAdHoc,https://www.xbrl.or.jp/taxonomy/xbrl-gl-next/experimental/2026-12-31/role/value-domain/vdReportingPeriodType
Reporting_Period_Type,monthly,gen:vdReportingPeriodType,gen:vdReportingPeriodTypeMonthly,https://www.xbrl.or.jp/taxonomy/xbrl-gl-next/experimental/2026-12-31/role/value-domain/vdReportingPeriodType
Reporting_Period_Type,other,gen:vdReportingPeriodType,gen:vdReportingPeriodTypeOther,https://www.xbrl.or.jp/taxonomy/xbrl-gl-next/experimental/2026-12-31/role/value-domain/vdReportingPeriodType
Reporting_Period_Type,quarterly,gen:vdReportingPeriodType,gen:vdReportingPeriodTypeQuarterly,https://www.xbrl.or.jp/taxonomy/xbrl-gl-next/experimental/2026-12-31/role/value-domain/vdReportingPeriodType
Reporting_Period_Type,semi-annually,gen:vdReportingPeriodType,gen:vdReportingPeriodTypeSemiAnnually,https://www.xbrl.or.jp/taxonomy/xbrl-gl-next/experimental/2026-12-31/role/value-domain/vdReportingPeriodType
Revision_Action,supersede,gen:vdRevisionAction,gen:vdRevisionActionSupersede,https://www.xbrl.or.jp/taxonomy/xbrl-gl-next/experimental/2026-12-31/role/value-domain/vdRevisionAction
Revision_Action,supplement,gen:vdRevisionAction,gen:vdRevisionActionSupplement,https://www.xbrl.or.jp/taxonomy/xbrl-gl-next/experimental/2026-12-31/role/value-domain/vdRevisionAction
Serial_Lot_Type,lot,gen:vdSerialLotType,gen:vdSerialLotTypeLot,https://www.xbrl.or.jp/taxonomy/xbrl-gl-next/experimental/2026-12-31/role/value-domain/vdSerialLotType
Serial_Lot_Type,neither,gen:vdSerialLotType,gen:vdSerialLotTypeNeither,https://www.xbrl.or.jp/taxonomy/xbrl-gl-next/experimental/2026-12-31/role/value-domain/vdSerialLotType
Serial_Lot_Type,other,gen:vdSerialLotType,gen:vdSerialLotTypeOther,https://www.xbrl.or.jp/taxonomy/xbrl-gl-next/experimental/2026-12-31/role/value-domain/vdSerialLotType
Serial_Lot_Type,serial,gen:vdSerialLotType,gen:vdSerialLotTypeSerial,https://www.xbrl.or.jp/taxonomy/xbrl-gl-next/experimental/2026-12-31/role/value-domain/vdSerialLotType
Tax_Type,VAT,gen:vdTaxType,gen:vdTaxTypeVAT,https://www.xbrl.or.jp/taxonomy/xbrl-gl-next/experimental/2026-12-31/role/value-domain/vdTaxType
UNCL1001_Invoice_CreditNote_Type,102,gen:vdN1001InvoiceCreditNoteType,gen:vdN1001InvoiceCreditNoteTypeN102,https://www.xbrl.or.jp/taxonomy/xbrl-gl-next/experimental/2026-12-31/role/value-domain/vdN1001InvoiceCreditNoteType
UNCL1001_Invoice_CreditNote_Type,218,gen:vdN1001InvoiceCreditNoteType,gen:vdN1001InvoiceCreditNoteTypeN218,https://www.xbrl.or.jp/taxonomy/xbrl-gl-next/experimental/2026-12-31/role/value-domain/vdN1001InvoiceCreditNoteType
UNCL1001_Invoice_CreditNote_Type,219,gen:vdN1001InvoiceCreditNoteType,gen:vdN1001InvoiceCreditNoteTypeN219,https://www.xbrl.or.jp/taxonomy/xbrl-gl-next/experimental/2026-12-31/role/value-domain/vdN1001InvoiceCreditNoteType
UNCL1001_Invoice_CreditNote_Type,326,gen:vdN1001InvoiceCreditNoteType,gen:vdN1001InvoiceCreditNoteTypeN326,https://www.xbrl.or.jp/taxonomy/xbrl-gl-next/experimental/2026-12-31/role/value-domain/vdN1001InvoiceCreditNoteType
UNCL1001_Invoice_CreditNote_Type,331,gen:vdN1001InvoiceCreditNoteType,gen:vdN1001InvoiceCreditNoteTypeN331,https://www.xbrl.or.jp/taxonomy/xbrl-gl-next/experimental/2026-12-31/role/value-domain/vdN1001InvoiceCreditNoteType
UNCL1001_Invoice_CreditNote_Type,380,gen:vdN1001InvoiceCreditNoteType,gen:vdN1001InvoiceCreditNoteTypeN380,https://www.xbrl.or.jp/taxonomy/xbrl-gl-next/experimental/2026-12-31/role/value-domain/vdN1001InvoiceCreditNoteType
UNCL1001_Invoice_CreditNote_Type,381,gen:vdN1001InvoiceCreditNoteType,gen:vdN1001InvoiceCreditNoteTypeN381,https://www.xbrl.or.jp/taxonomy/xbrl-gl-next/experimental/2026-12-31/role/value-domain/vdN1001InvoiceCreditNoteType
UNCL1001_Invoice_CreditNote_Type,382,gen:vdN1001InvoiceCreditNoteType,gen:vdN1001InvoiceCreditNoteTypeN382,https://www.xbrl.or.jp/taxonomy/xbrl-gl-next/experimental/2026-12-31/role/value-domain/vdN1001InvoiceCreditNoteType
UNCL1001_Invoice_CreditNote_Type,383,gen:vdN1001InvoiceCreditNoteType,gen:vdN1001InvoiceCreditNoteTypeN383,https://www.xbrl.or.jp/taxonomy/xbrl-gl-next/experimental/2026-12-31/role/value-domain/vdN1001InvoiceCreditNoteType
UNCL1001_Invoice_CreditNote_Type,384,gen:vdN1001InvoiceCreditNoteType,gen:vdN1001InvoiceCreditNoteTypeN384,https://www.xbrl.or.jp/taxonomy/xbrl-gl-next/experimental/2026-12-31/role/value-domain/vdN1001InvoiceCreditNoteType
UNCL1001_Invoice_CreditNote_Type,386,gen:vdN1001InvoiceCreditNoteType,gen:vdN1001InvoiceCreditNoteTypeN386,https://www.xbrl.or.jp/taxonomy/xbrl-gl-next/experimental/2026-12-31/role/value-domain/vdN1001InvoiceCreditNoteType
UNCL1001_Invoice_CreditNote_Type,388,gen:vdN1001InvoiceCreditNoteType,gen:vdN1001InvoiceCreditNoteTypeN388,https://www.xbrl.or.jp/taxonomy/xbrl-gl-next/experimental/2026-12-31/role/value-domain/vdN1001InvoiceCreditNoteType
UNCL1001_Invoice_CreditNote_Type,389,gen:vdN1001InvoiceCreditNoteType,gen:vdN1001InvoiceCreditNoteTypeN389,https://www.xbrl.or.jp/taxonomy/xbrl-gl-next/experimental/2026-12-31/role/value-domain/vdN1001InvoiceCreditNoteType
UNCL1001_Invoice_CreditNote_Type,393,gen:vdN1001InvoiceCreditNoteType,gen:vdN1001InvoiceCreditNoteTypeN393,https://www.xbrl.or.jp/taxonomy/xbrl-gl-next/experimental/2026-12-31/role/value-domain/vdN1001InvoiceCreditNoteType
UNCL1001_Invoice_CreditNote_Type,395,gen:vdN1001InvoiceCreditNoteType,gen:vdN1001InvoiceCreditNoteTypeN395,https://www.xbrl.or.jp/taxonomy/xbrl-gl-next/experimental/2026-12-31/role/value-domain/vdN1001InvoiceCreditNoteType
UNCL1001_Invoice_CreditNote_Type,396,gen:vdN1001InvoiceCreditNoteType,gen:vdN1001InvoiceCreditNoteTypeN396,https://www.xbrl.or.jp/taxonomy/xbrl-gl-next/experimental/2026-12-31/role/value-domain/vdN1001InvoiceCreditNoteType
UNCL1001_Invoice_CreditNote_Type,532,gen:vdN1001InvoiceCreditNoteType,gen:vdN1001InvoiceCreditNoteTypeN532,https://www.xbrl.or.jp/taxonomy/xbrl-gl-next/experimental/2026-12-31/role/value-domain/vdN1001InvoiceCreditNoteType
UNCL1001_Invoice_CreditNote_Type,553,gen:vdN1001InvoiceCreditNoteType,gen:vdN1001InvoiceCreditNoteTypeN553,https://www.xbrl.or.jp/taxonomy/xbrl-gl-next/experimental/2026-12-31/role/value-domain/vdN1001InvoiceCreditNoteType
UNCL1001_Invoice_CreditNote_Type,575,gen:vdN1001InvoiceCreditNoteType,gen:vdN1001InvoiceCreditNoteTypeN575,https://www.xbrl.or.jp/taxonomy/xbrl-gl-next/experimental/2026-12-31/role/value-domain/vdN1001InvoiceCreditNoteType
UNCL1001_Invoice_CreditNote_Type,623,gen:vdN1001InvoiceCreditNoteType,gen:vdN1001InvoiceCreditNoteTypeN623,https://www.xbrl.or.jp/taxonomy/xbrl-gl-next/experimental/2026-12-31/role/value-domain/vdN1001InvoiceCreditNoteType
UNCL1001_Invoice_CreditNote_Type,71,gen:vdN1001InvoiceCreditNoteType,gen:vdN1001InvoiceCreditNoteTypeN71,https://www.xbrl.or.jp/taxonomy/xbrl-gl-next/experimental/2026-12-31/role/value-domain/vdN1001InvoiceCreditNoteType
UNCL1001_Invoice_CreditNote_Type,780,gen:vdN1001InvoiceCreditNoteType,gen:vdN1001InvoiceCreditNoteTypeN780,https://www.xbrl.or.jp/taxonomy/xbrl-gl-next/experimental/2026-12-31/role/value-domain/vdN1001InvoiceCreditNoteType
UNCL1001_Invoice_CreditNote_Type,80,gen:vdN1001InvoiceCreditNoteType,gen:vdN1001InvoiceCreditNoteTypeN80,https://www.xbrl.or.jp/taxonomy/xbrl-gl-next/experimental/2026-12-31/role/value-domain/vdN1001InvoiceCreditNoteType
UNCL1001_Invoice_CreditNote_Type,81,gen:vdN1001InvoiceCreditNoteType,gen:vdN1001InvoiceCreditNoteTypeN81,https://www.xbrl.or.jp/taxonomy/xbrl-gl-next/experimental/2026-12-31/role/value-domain/vdN1001InvoiceCreditNoteType
UNCL1001_Invoice_CreditNote_Type,817,gen:vdN1001InvoiceCreditNoteType,gen:vdN1001InvoiceCreditNoteTypeN817,https://www.xbrl.or.jp/taxonomy/xbrl-gl-next/experimental/2026-12-31/role/value-domain/vdN1001InvoiceCreditNoteType
UNCL1001_Invoice_CreditNote_Type,82,gen:vdN1001InvoiceCreditNoteType,gen:vdN1001InvoiceCreditNoteTypeN82,https://www.xbrl.or.jp/taxonomy/xbrl-gl-next/experimental/2026-12-31/role/value-domain/vdN1001InvoiceCreditNoteType
UNCL1001_Invoice_CreditNote_Type,83,gen:vdN1001InvoiceCreditNoteType,gen:vdN1001InvoiceCreditNoteTypeN83,https://www.xbrl.or.jp/taxonomy/xbrl-gl-next/experimental/2026-12-31/role/value-domain/vdN1001InvoiceCreditNoteType
UNCL1001_Invoice_CreditNote_Type,84,gen:vdN1001InvoiceCreditNoteType,gen:vdN1001InvoiceCreditNoteTypeN84,https://www.xbrl.or.jp/taxonomy/xbrl-gl-next/experimental/2026-12-31/role/value-domain/vdN1001InvoiceCreditNoteType
UNCL1001_Invoice_CreditNote_Type,870,gen:vdN1001InvoiceCreditNoteType,gen:vdN1001InvoiceCreditNoteTypeN870,https://www.xbrl.or.jp/taxonomy/xbrl-gl-next/experimental/2026-12-31/role/value-domain/vdN1001InvoiceCreditNoteType
UNCL1001_Invoice_CreditNote_Type,875,gen:vdN1001InvoiceCreditNoteType,gen:vdN1001InvoiceCreditNoteTypeN875,https://www.xbrl.or.jp/taxonomy/xbrl-gl-next/experimental/2026-12-31/role/value-domain/vdN1001InvoiceCreditNoteType
UNCL1001_Invoice_CreditNote_Type,876,gen:vdN1001InvoiceCreditNoteType,gen:vdN1001InvoiceCreditNoteTypeN876,https://www.xbrl.or.jp/taxonomy/xbrl-gl-next/experimental/2026-12-31/role/value-domain/vdN1001InvoiceCreditNoteType
UNCL1001_Invoice_CreditNote_Type,877,gen:vdN1001InvoiceCreditNoteType,gen:vdN1001InvoiceCreditNoteTypeN877,https://www.xbrl.or.jp/taxonomy/xbrl-gl-next/experimental/2026-12-31/role/value-domain/vdN1001InvoiceCreditNoteType
XBRL_Allocation,beginning_balance,gen:vdAllocation,gen:vdAllocationBeginningBalance,https://www.xbrl.or.jp/taxonomy/xbrl-gl-next/experimental/2026-12-31/role/value-domain/vdAllocation
XBRL_Allocation,ending_balance,gen:vdAllocation,gen:vdAllocationEndingBalance,https://www.xbrl.or.jp/taxonomy/xbrl-gl-next/experimental/2026-12-31/role/value-domain/vdAllocation
XBRL_Allocation,period_change,gen:vdAllocation,gen:vdAllocationPeriodChange,https://www.xbrl.or.jp/taxonomy/xbrl-gl-next/experimental/2026-12-31/role/value-domain/vdAllocation
