relative_path,sha256,size,accepted_run_id,dts_scope
bus/bus-2026-12-31.xsd,EC823D997B1043A7B449B0549A4F69A7571E80BB5278D9F67716F9793F3B1557,51047,20260830_094307,AE
bus/bus-oim-2026-12-31.xsd,B55A7883B8C9FB990897FA14D4021BDD33DACFB1A43408CCD999F8C2CD957458,51126,20260830_094307,AE
bus/bus-oim-pre-2026-12-31.xml,7669A3DA4AA78AB94A3F6E5A3E9429B51E8A99A0A0D820D4ECC543EE1219B3C0,77548,20260830_094307,AE
bus/bus-pre-2026-12-31.xml,B36CEA00F63F5E7A07688AC70552866C8D4A0D41D75E871B62256DD0A7BBA982,76018,20260830_094307,AE
bus/label/bus-lab-en-2026-12-31.xml,93374D45AD1E9A755FA4F6FBB7236B895387BB7F2BA7E5A540D85C1289DD8AEA,114244,20260830_094307,AE
bus/label/bus-lab-ja-2026-12-31.xml,00802BB495A8AF026200D9D0F7EA02AB392DBBA9F8A29569A8BDAA442C524F88,115998,20260830_094307,AE
bus/label/bus-oim-lab-en-2026-12-31.xml,2CFF9443E08901B90CFC30584A8DCACA7B4F16F266ADAB6DA357D4FA3E7529C5,137465,20260830_094307,AE
bus/label/bus-oim-lab-ja-2026-12-31.xml,DEFE2D6347F9768196CCEC89245829A459C0DE96C30002085490C217C27DE804,139696,20260830_094307,AE
cor/cor-2026-12-31.xsd,72CFFD128A2F347201569988147CCBEAF501C50C63AFD8470BF5C799AF9063E9,66247,20260830_094307,AE
cor/cor-oim-2026-12-31.xsd,3A2EBEC4CB73158B8226FB5E237383EF4712080BF7AD95BBE01731E066275B90,66023,20260830_094307,AE
cor/cor-oim-pre-2026-12-31.xml,A5B73EF427EA8A4AA84D55AE7AED9E48F83B4466ED55893B7349A45ECF8B7F8A,213077,20260830_094307,AE
cor/cor-pre-2026-12-31.xml,12DA93F4702C13585440A947E23038BCF2522C12AC6199A6108F7ABA13751B44,209550,20260830_094307,AE
cor/label/cor-lab-en-2026-12-31.xml,A9F52D66BD7132B473702A308FA51E612D690AF6C2C6135E61CB6A6002619013,170494,20260830_094307,AE
cor/label/cor-lab-ja-2026-12-31.xml,8FE25B0C0D8CB5C6652172F3BF7B9CA0B10970A1B61F72CA2A67405421E479EA,175521,20260830_094307,AE
cor/label/cor-oim-lab-en-2026-12-31.xml,1FD08D34F4F865E3688623E0019EA15F01A8B56E925C209A570999327AD01CE3,185597,20260830_094307,AE
cor/label/cor-oim-lab-ja-2026-12-31.xml,8073984C7D4AAF05E37C2AFA31B66F886511726ED72B855F6B2B4BA60ACF8DE4,190786,20260830_094307,AE
ehm/ehm-2026-12-31.xsd,04FBD556FAAEF0B74956D34667568884E9DAE798AD274C505EC123290AC04DC1,7781,20260830_094307,AE
ehm/ehm-oim-2026-12-31.xsd,866F2F287D6F205AAA4A44C84F653D2FEB51E52BCF5E1B9F14AFE8AC510A6036,7488,20260830_094307,AE
ehm/ehm-oim-pre-2026-12-31.xml,034480B9985628FFE3CFE6E0434B87B877B17133B8FBD47FA83A1C60D338C46A,10017,20260830_094307,AE
ehm/ehm-pre-2026-12-31.xml,F03EC0D2E5CA0EF41837CF8E6BD7311E6287273A4D5F853BBC3F340C87A2EC18,9827,20260830_094307,AE
ehm/label/ehm-lab-en-2026-12-31.xml,27860C8B32690E6A731250E56674AE5BDD32CA28B95BE6A7965ED879B9CAE927,17471,20260830_094307,AE
ehm/label/ehm-lab-ja-2026-12-31.xml,F4585CFF617B402361828BF5B35F6A1AB35209E86F8A7E524B145DBF74A727BC,16783,20260830_094307,AE
ehm/label/ehm-oim-lab-en-2026-12-31.xml,A8ED4B35354BCBC11103819CD20F51EF9E7966917E3DBAC9D7792728AEBDF1FE,18545,20260830_094307,AE
ehm/label/ehm-oim-lab-ja-2026-12-31.xml,E254DE07E92B7185C1E81B419C6B4B0C4295EFF9149E017937BF2F60E3E4918A,17862,20260830_094307,AE
gen/gl-gen-2026-12-31.xsd,0E0AE8E66957178F4937ACB11A9124A89F6189E03BBBE0CFF18A6B79244AF48A,9622,20260830_094307,AE
lnk/label/lnk-lab-en-2026-12-31.xml,0D68CDC842DA7321280E56F1BC5FA45D8496001A752F2C2D25750F56E47C2651,8108,20260830_094307,AE
lnk/label/lnk-lab-ja-2026-12-31.xml,3791B09E29CA77A195B751F4C3574C82088D46179500BF72C606AA0BEF7CAE8F,8367,20260830_094307,AE
lnk/label/lnk-oim-lab-en-2026-12-31.xml,ABEEC843678712F6A57617BFD63EBB4E1256EC11F4A9FCC82A96B47AE86FF287,10269,20260830_094307,AE
lnk/label/lnk-oim-lab-ja-2026-12-31.xml,C904AE558E8A3ECA1ADCA92345EA0B5DDD7EBC75DD12896F36398588885E9883,10594,20260830_094307,AE
lnk/lnk-2026-12-31.xsd,1C4468233C7E13BFB615E456D9BB18B89D619AAC40CC0455D3D63B383EC29D43,4687,20260830_094307,AE
lnk/lnk-oim-2026-12-31.xsd,1818441DBFCEF6B0FD687F06678EF6F538501791B743BD937A5B0E0AB0BE6123,4394,20260830_094307,AE
lnk/lnk-oim-pre-2026-12-31.xml,982B3FAF8D902818D9902ADE6F775ADA8E967CE4F5BA0527B304C237949FB5AC,5538,20260830_094307,AE
lnk/lnk-pre-2026-12-31.xml,C38CF6F87667415A22AA3977B52AD7E7D76C6A80214CD2979178107C6E7C0665,5438,20260830_094307,AE
muc/label/muc-lab-en-2026-12-31.xml,C3F284D0FEDB75E44F961F7E8BED65E415E9272A4C1C26842017DE645296928B,16505,20260830_094307,AE
muc/label/muc-lab-ja-2026-12-31.xml,819D821F9BC99735C2CD224F0EFD1176D1D5F399891788763EFB730EDF35F176,16700,20260830_094307,AE
muc/label/muc-oim-lab-en-2026-12-31.xml,5811D1203122B4662A76D49AFC57DD0B0D623A04E2AF8FA881E458EC828E6B47,17943,20260830_094307,AE
muc/label/muc-oim-lab-ja-2026-12-31.xml,0C6275761C4F582B4DEC8AEC67A0B43AA0ED0A04F2AA1DC7AB6C5FFDE0D9D6F4,18088,20260830_094307,AE
muc/muc-2026-12-31.xsd,01B5F2FC417B5E759D5942A0F88936B7B67A7C701B5603E0E893CF708FA96F15,7526,20260830_094307,AE
muc/muc-oim-2026-12-31.xsd,AFDD6A070E1B76B75116849EB62EBEBA5E188E6DCA847568F1E636D01C1EBBB8,7231,20260830_094307,AE
muc/muc-oim-pre-2026-12-31.xml,88E6D0DFD525741BF20A30DB1E04A3D36920EE2FD13F2D6F4314ADB54051B012,9730,20260830_094307,AE
muc/muc-pre-2026-12-31.xml,7CC6FF679B02794694D5D8612CB8CB2C5134C56F419CD24DBB7E5BD3430F4990,9570,20260830_094307,AE
oim/cor_accountingEntries/cor-all-dim-2026-12-31.xml,507A2B9A6120DE903D6077102007BA64583F32A97DB4F4BD30CE27CE0A0328CD,341923,20260830_094307,AE
oim/cor_accountingEntries/cor-all-oim-2026-12-31.xsd,3D5490BE15B6884EC0DB069D1813938F7110E50E1A86D73A2DED66FCBCC41251,34860,20260830_094307,AE
taf/label/taf-lab-en-2026-12-31.xml,91BAEE9DAB62C86DD63E59B7B9E910968C1AE4788399C37F370C96C3FFD1E181,6282,20260830_094307,AE
taf/label/taf-lab-ja-2026-12-31.xml,726FCE5D2E377CDBF59F91E0A69FB105437BAD26103461494B92DA3B2FAE181C,6838,20260830_094307,AE
taf/label/taf-oim-lab-en-2026-12-31.xml,8F0BEDB8C8DE10184B2D77BB0A0D8C1E667AF6198A81D7DB2F324EB5069664C5,7532,20260830_094307,AE
taf/label/taf-oim-lab-ja-2026-12-31.xml,B34B9E9189283C6413BB264445721BD8AF3E6D0A2A39135149341D930ABC89B8,8090,20260830_094307,AE
taf/taf-2026-12-31.xsd,57D28C1BEB6A6AFCFCCBF5966B0E023AE5C7AB4524993BF487A030E06BF43D98,3902,20260830_094307,AE
taf/taf-oim-2026-12-31.xsd,9E037B2318E4ACB17844F4C204A6C43A7AEEF5C8252959A79AF5B16147231246,3590,20260830_094307,AE
taf/taf-oim-pre-2026-12-31.xml,672928B77D7DE5DF995D7DACED5140FDF6B74EB74DB88B7DAC0F2226D94EC5EE,4397,20260830_094307,AE
taf/taf-pre-2026-12-31.xml,BE2C8F9D37D83D91056EB832C703A7D6A7E5199CD236C57E47034B223E5E004D,4327,20260830_094307,AE
tuple/cor_accountingEntries/bus-content-2026-12-31.xsd,BED7EFDE7616CFC25717C7953EB20DC16143E4D505EF689A15DF3FCB46C8AAEB,13536,20260830_094307,AE
tuple/cor_accountingEntries/cor-all-2026-12-31.xsd,ABF38E3A3F2BB6C3137F348F40D8ED4A4F2DD21CE6A430C62F73F5ED0131C375,3582,20260830_094307,AE
tuple/cor_accountingEntries/cor-content-2026-12-31.xsd,636125F53312B77E9A95A9BAB89D600FA3B5FEF1EEC25047960E50924E4A81A6,18374,20260830_094307,AE
tuple/cor_accountingEntries/ehm-content-2026-12-31.xsd,0F680DA2E5CEBA232A56F5C7725637829AFEAE57DC2C851756C15D32B05C5D26,1940,20260830_094307,AE
tuple/cor_accountingEntries/lnk-content-2026-12-31.xsd,23602AC2D72B06307E6C69FC28906FE00ECDB0A237E5DE9E25AC433CC5DC5E3F,1513,20260830_094307,AE
tuple/cor_accountingEntries/muc-content-2026-12-31.xsd,6FF028A9B6E88A1AF407582481C641268304DE74B2FE2525AECB936A65D77287,1952,20260830_094307,AE
tuple/cor_accountingEntries/taf-content-2026-12-31.xsd,20B997FEED3B7D031CE1CF1A6CC44F3F697710D366AE230E69E1EF464A81FE65,1267,20260830_094307,AE
