"relative_path","sha256","size","accepted_run_id","dts_scope"
"btx/btx-2026-12-31.xsd","88F5B6B768B8A7790D9FC988F3E3196CE5BCCA4B9A39CAD70A53A6669B3F10CD","43497","20260929_141529","BT"
"btx/btx-oim-2026-12-31.xsd","6EDD4086532AD5785176F137B5ED064267B2182EC182BAA55D2817BA28E4074B","43267","20260929_141529","BT"
"btx/btx-oim-pre-2026-12-31.xml","65D53803FAB452AFAD38AB4452455E4671A01D3E87B8B16D10C99F766C1B1C1F","229871","20260929_141529","BT"
"btx/btx-pre-2026-12-31.xml","DDB6B010AE186AB2CDDE064DCC05DC264C56C1633F4B43FBEBFB47F44825DC92","226084","20260929_141529","BT"
"btx/label/btx-lab-en-2026-12-31.xml","5BC8FAF0229D766259915C856BACA82029E2E205107DE38A0D255EE97F2D02A8","117651","20260929_141529","BT"
"btx/label/btx-lab-ja-2026-12-31.xml","2E3FBCD449EE7721FA8865032475CCD978CA6B92869702FDB688E439B6CDF069","120039","20260929_141529","BT"
"btx/label/btx-oim-lab-en-2026-12-31.xml","B6EF295BB0C6741DC91789F71C434967A9CE41384EECB6B1F3CEE7FB5787DFE3","117157","20260929_141529","BT"
"btx/label/btx-oim-lab-ja-2026-12-31.xml","8A411453C2B2324442D8BC3D4A86EC9362AF02E665DE2DC35C9C7544919BB1BF","119627","20260929_141529","BT"
"bus/bus-2026-12-31.xsd","D673AC204463D4E06F959966D488EEE180079F759E891AB49A28ABA9BAE643AB","76779","20260929_141529","BT"
"bus/bus-oim-2026-12-31.xsd","2460ACEAF7B6DAAAEBC0CE8F570B7C38448F6331A13E77290F125C741C22F619","77242","20260929_141529","BT"
"bus/bus-oim-pre-2026-12-31.xml","9149C6BA7782BBB4F4100097D03D6EA8620B0AD947B9B88AFFD08F16D5E7C35E","116066","20260929_141529","BT"
"bus/bus-pre-2026-12-31.xml","5A1FBB0F850ABDADCB9D6FAF17875DDA98714C3AF364F16CF50EBC6FAA7CF4BB","113626","20260929_141529","BT"
"bus/label/bus-lab-en-2026-12-31.xml","29C091271D3DCA65DF8D296CA9F4CC705F37D102C7962A2B4109F8A89B127DDC","209139","20260929_141529","BT"
"bus/label/bus-lab-ja-2026-12-31.xml","929188B5A253A792623424CEA01BCC5E87F56F9645E464F4B2000369977BCA8E","212192","20260929_141529","BT"
"bus/label/bus-oim-lab-en-2026-12-31.xml","10005AD6E8127ED66FEDB33E920DE3F82688C4487548A0C7DB3CC4E5A27A8B20","210727","20260929_141529","BT"
"bus/label/bus-oim-lab-ja-2026-12-31.xml","EA9ADA10869946157B99F68DC64F68B795C7E30AA84B8E905A5BAAD5B7F1066E","213780","20260929_141529","BT"
"cor/cor-2026-12-31.xsd","FC0A148142259D5FC3C84851FD24F8267CC3C91A13BEBAD0D24B80A36A6889CF","13317","20260929_141529","BT"
"cor/cor-oim-2026-12-31.xsd","C55D7CC4E794B69018586DF0B6C89A22AEF879E44BEE20DB08BA1F9A345AAE6E","12913","20260929_141529","BT"
"cor/cor-oim-pre-2026-12-31.xml","38B97BEA04E92ABEE42BE00FEAC84290289197D106F7E414B25B0B911224CFAE","77400","20260929_141529","BT"
"cor/cor-pre-2026-12-31.xml","B697551EB9B226B00A6F226E3C1BF7E206C48CE2B0FD70FD9B2FB15360C15920","76472","20260929_141529","BT"
"cor/label/cor-lab-en-2026-12-31.xml","9B90E2B3493D7A1FCB899CD613DEC8A809C33797B856223D47550150BF7C9225","37464","20260929_141529","BT"
"cor/label/cor-lab-ja-2026-12-31.xml","7F58A564CB7DADEB8E72088CC0DA23E028466FA884D933BD4C66F0313ECAF685","38530","20260929_141529","BT"
"cor/label/cor-oim-lab-en-2026-12-31.xml","422B40E632A7E8A0C0583B747752E762479B2411880D14231788BB36B319464D","36797","20260929_141529","BT"
"cor/label/cor-oim-lab-ja-2026-12-31.xml","0A0DC118A0CB86D12BABD677B67D6F332D07828372EBCB31542EFCA1BD6B2A43","37847","20260929_141529","BT"
"ehm/ehm-2026-12-31.xsd","22CC61163B2086F2E932DC34A73CDE5E852DFCD3E3D45CE3A59C836ACA8D8DBD","7683","20260929_141529","BT"
"ehm/ehm-oim-2026-12-31.xsd","F47B2DD440B790F1625384CD0316BC862545710B74C3A25E08794F82B212FA90","7389","20260929_141529","BT"
"ehm/ehm-oim-pre-2026-12-31.xml","0828A1396096F7A1F3AEC3AB1E66F982D50C9B16C0D3E79156C2D2F29E6A012D","10014","20260929_141529","BT"
"ehm/ehm-pre-2026-12-31.xml","B7D379CE288F709684A5093EE5426D607E6F603DC72CBAA28205B988ED704E1F","9824","20260929_141529","BT"
"ehm/label/ehm-lab-en-2026-12-31.xml","15099346D4F2F2EC1DCA9CD72D5E8559BB95386D6D3DBDD5ECC3561DB745FA39","18450","20260929_141529","BT"
"ehm/label/ehm-lab-ja-2026-12-31.xml","C418FEC8715B032C5446DD312899C8B205A0C5709361C7F2940812E49016CFBC","17767","20260929_141529","BT"
"ehm/label/ehm-oim-lab-en-2026-12-31.xml","2790DE2F2D006E17B9142C2ACC37CC7583B313386485C88236C610EA585B4190","18542","20260929_141529","BT"
"ehm/label/ehm-oim-lab-ja-2026-12-31.xml","1F0DCD9EAA12EF25A5C18410ECF916121504B7412D6B6DCB5C002B88D683140B","17859","20260929_141529","BT"
"gen/gl-gen-2026-12-31.xsd","D83647F0F247D8A095A97B6DCDDFCDFB53940C73AB0F8BD301E6D677D51676CB","9571","20260929_141529","BT"
"lnk/label/lnk-lab-en-2026-12-31.xml","873D740B5A52EA00A43ED750821C1C945AB9E260B14481EBAFA2D58FA6CB57C5","10354","20260929_141529","BT"
"lnk/label/lnk-lab-ja-2026-12-31.xml","8500983D30709C7FA01C93570ADC00EFE556581DD0F465E0ACBEB632A7D59D20","10691","20260929_141529","BT"
"lnk/label/lnk-oim-lab-en-2026-12-31.xml","BF7371E5DED2B4CA744C05732E79D2ADA77854885643F97F54B4FD7E3E0D0115","10426","20260929_141529","BT"
"lnk/label/lnk-oim-lab-ja-2026-12-31.xml","FA664CB665847DBD68B6C749CAC7ED0DAEEE1C0AEBD58E6CE0CDBD7581186A4A","10763","20260929_141529","BT"
"lnk/lnk-2026-12-31.xsd","451A46D1E18E1C9458FC88DACDEDA3C0D45D84F80B548F9A505EC57156F4473F","4677","20260929_141529","BT"
"lnk/lnk-oim-2026-12-31.xsd","5E45A9446D97DB57CEA2F2B40D748466A5590ED7497445C8802C24642666F438","4391","20260929_141529","BT"
"lnk/lnk-oim-pre-2026-12-31.xml","632D88B491F6CC48D35619846DCECEB59C7899FCA9686C82982DCBD254FD9F61","5555","20260929_141529","BT"
"lnk/lnk-pre-2026-12-31.xml","1B5A34350F32B66C03BD91B20A27832C7B60B8E169051B1DFB739F3D337AEADB","5455","20260929_141529","BT"
"oim/btx_businessTransactions/btx-all-dim-2026-12-31.xml","5DBAAF1A549C6DBCD47DDAC3A151DB4A8B48EC93361EA53796E5D937D8941E59","409327","20260929_141529","BT"
"oim/btx_businessTransactions/btx-all-oim-2026-12-31.xsd","D176F90D296D6CAF5946BCD281FC11834B0B8AD8197165664711E307C1C2A51A","45324","20260929_141529","BT"
"taf/label/taf-lab-en-2026-12-31.xml","4BDC4904185DDC88E20FB47E7C6B144BCFB2DC559E84F24F4A53B293B6C9280E","7061","20260929_141529","BT"
"taf/label/taf-lab-ja-2026-12-31.xml","BBE6E2F94E278376AC13A612977185348B65AF1984DE5E02AB9FE580BDB7BFAF","7631","20260929_141529","BT"
"taf/label/taf-oim-lab-en-2026-12-31.xml","CCCD796934F68BC8E17F174D632AE3035341E469A6572E0797F5E4B208C8DC85","7105","20260929_141529","BT"
"taf/label/taf-oim-lab-ja-2026-12-31.xml","A347542C922B7D96517B0281ACF5C43B677F36A52CF5DE639E61D679CE2E9B8E","7675","20260929_141529","BT"
"taf/taf-2026-12-31.xsd","7BAFB273DB8656730884260E2E9A14B504A6C9C847A0737F52BF4D09BFC1A87A","3609","20260929_141529","BT"
"taf/taf-oim-2026-12-31.xsd","F94FD8E55AA07E2DD3E9A4214C73F04ACAF553039B2BCDBA4F965C2AF26C78AD","3313","20260929_141529","BT"
"taf/taf-oim-pre-2026-12-31.xml","A41E55B122DEAC0B33CC89F550986EC057782D16DA3B0877414667344216B395","3857","20260929_141529","BT"
"taf/taf-pre-2026-12-31.xml","2A961449EEF7D2417B8845FA08F19820298EA00E7E0B1EB326EA41E38F2649FA","3787","20260929_141529","BT"
"tuple/btx_businessTransactions/btx-all-2026-12-31.xsd","729473D36C1155F81018F182475F03F87A68B1D1C2A102D6F5035DEE969A4CBF","3534","20260929_141529","BT"
"tuple/btx_businessTransactions/btx-content-2026-12-31.xsd","C2A199D009D57994D364BF29DF3BF4FC27C7E704703C3384663A7273667EC3CA","13449","20260929_141529","BT"
"tuple/btx_businessTransactions/bus-content-2026-12-31.xsd","7179D4ECA73FAE59381080B94369440DFA4F44293B59F08901006941DB585CF4","20438","20260929_141529","BT"
"tuple/btx_businessTransactions/cor-content-2026-12-31.xsd","31A982C22E428F8801B9B3642C114F8E5F074F05456D44D40D0AE3E6755C6656","4451","20260929_141529","BT"
"tuple/btx_businessTransactions/ehm-content-2026-12-31.xsd","58015AD297BD9240A59DB223522556C83B173E98AD42B83788E7C2A64DD239DF","1892","20260929_141529","BT"
"tuple/btx_businessTransactions/lnk-content-2026-12-31.xsd","6AB138AF5AB9CEA52B85D78EDDF03BECA95A45ECEEDDA893AB3C2C0FC308A3C8","1485","20260929_141529","BT"
"tuple/btx_businessTransactions/taf-content-2026-12-31.xsd","CC3F0E37CCD438913786DF5D54CC6B47EEACCD651C1E4AE2CE88900B089131F6","1166","20260929_141529","BT"
