sequence,level,property_type,identifier,module,class_term,property_term,association_role,representation_term,associated_module,associated_class,multiplicity,definition,label_local,definition_local
1,1,Class,,btx,Organization Identifier,,,,,,0..*,Class which contains various identifiers for the party.,【識別子】,組織に関する様々な識別子を含むセクション。
2,2,Specialisation,,btx,Organization Identifier,,,,bus,Organization Identifier,1,,,
3,2,Attribute,,btx,Organization Identifier,Organization Identifier Purpose,,String,,,1,Purpose or role for which the organization identifier is used.,組織識別子用途,組織識別子が使用される目的または役割を示す。
4,2,Attribute,,btx,Organization Identifier,Organization Identifier Issuing Agency,,String,,,1,Organization or authority that issued or assigned the organization identifier.,組織識別子発行機関,組織識別子を発行または付与した組織若しくは機関。
5,1,Abstract Class,,btx,Party,,,,,,0..*,,,
6,2,Specialisation,,btx,Party,,,,cor,Party,1,,,
7,2,Composition,,btx,Party,,,,bus,Organization Identifier,0,,,
8,2,Composition,,btx,Party,,,,btx,Organization Identifier,0..*,Class which contains various identifiers for theparty.,【識別子】,組織に関する様々な識別子を含むセクション。
9,1,Class,,btx,Header_ Party,,,,,,0..*,Party participating in the business transaction at document-header level.,【ヘッダー取引当事者】,業務取引文書のヘッダーレベルに関係する取引当事者。
10,2,Specialisation,,btx,Header_ Party,,,,btx,Party,1,,,
11,1,Class,,btx,Detail_ Party,,,,,,0..*,Party associated with an individual transaction detail line.,【明細行取引当事者】,個々の取引明細に関係する取引当事者。
12,2,Specialisation,,btx,Detail_ Party,,,,btx,Party,1,,,
13,1,Abstract Class,,btx,Amount Structure,,,,,,0..*,Structure combining a monetary amount with its currency and currency role information.,【金額構造】,金額と、その通貨および通貨の役割に関する情報を組み合わせて表現する構造。
14,2,Attribute,,btx,Amount Structure,Amount,,Monetary,,,1,Numeric value of the monetary amount expressed in the specified currency.,金額,指定された通貨で表現された金額の数値。
15,2,Attribute,,btx,Amount Structure,Amount Type,,Token,,,0..1,"Code or text specifying the type or role of the amount, such as tax amount, tax base amount, allowance amount, or charge amount.",金額種別,税額、課税標準額、値引金額、追加請求金額など、金額の種類または役割を指定するコードまたはテキスト。
16,2,Attribute,,btx,Amount Structure,Currency Code,,Token,,,0..1,"Code specifying the currency in which the amount is expressed, typically an ISO 4217 currency code.",通貨コード,金額が表現される通貨を指定するコード。通常は ISO 4217 通貨コードを用いる。
17,2,Attribute,,btx,Amount Structure,Currency Code Type,,Token,,,0..1,"Code specifying the role of the currency used for the amount, such as functional currency, local currency, reporting currency, or transaction currency.",通貨コード種別,金額に対する通貨の役割（機能通貨、ローカル通貨、報告通貨、取引通貨など）を指定するコード。
18,1,Class,,btx,Header_ Amount Structure,,,,,,0..*,"Structure representing monetary amounts and currency information applicable to the document as a whole, such as document-level totals or aggregated tax amounts.",【ヘッダー金額構造】,文書全体に適用される金額や通貨情報（文書レベルの合計額や集計された税額など）を表現する構造。
19,2,Specialisation,,btx,Header_ Amount Structure,,,,btx,Amount Structure,1,,,
20,2,Attribute,,btx,Header_ Amount Structure,Header_ Amount Type,,String,,,0..1,"Code or text specifying the type or role of the amount, such as tax amount, tax base amount, allowance amount, or charge amount.",金額種別,税額、課税標準額、値引金額、追加請求金額など、金額の種類または役割を指定するコードまたはテキスト。
21,1,Class,,btx,Detail_ Amount Structure,,,,,,0..*,"Structure representing monetary amounts and currency information applicable to an individual line, such as line-level net amounts, tax calculation bases, allowances, or charges.",【行金額構造】,個々の明細行に適用される金額や通貨情報（行レベルの正味金額、税計算基礎額、値引または追加請求など）を表現する構造。
22,2,Specialisation,,btx,Detail_ Amount Structure,,,,btx,Amount Structure,1,,,
23,2,Attribute,,btx,Detail_ Amount Structure,Detail_ Amount Type,,String,,,0..1,"Code or text specifying the type or role of the amount, such as tax amount, tax base amount, allowance amount, or charge amount.",金額種別,税額、課税標準額、値引金額、追加請求金額など、金額の種類または役割を指定するコードまたはテキスト。
24,1,Class,,btx,Tax,,,,,,0..*,Class for holding tax related information,【税情報】,税関連の情報のタプル。
25,2,Specialisation,,btx,Tax,,,,cor,Tax,1,,,
26,2,Attribute,,btx,Tax,Tax Amount in Foreign Currency,,Monetary,,,0,"If the tax is in a foreign currency, the amount of tax in that currency",外貨建税額,税が外貨建ての場合の、税額。
27,2,Attribute,,btx,Tax,Tax Foreign Currency,,QName,,,0,"If the tax is in a foreign currency, that currency",外貨建税額通貨,税が外貨建ての場合の、通貨。
28,2,Attribute,,btx,Tax,Tax Exchange Rate Date,,Date Time,,,0,"If the tax is in a foreign currency, the date or date and time of the exchange rate used",税額換算レート日付,税が外貨建ての場合の、換算レートの日付または日付/時刻。
29,2,Attribute,,btx,Tax,Tax Exchange Rate,,Pure,,,0,"If the tax is in a foreign currency, the exchange rate used expressed as national currency divided by foreign currency",税額換算レート,税が外貨建ての場合の、換算レート。自国通貨を外貨で割った値。
30,2,Attribute,,btx,Tax,Tax Exchange Rate Source,,String,,,0,"If the tax is in a foreign currency, source of exchange rate - for example, Reuters, Bloomberg",税額換算レート情報源,"税が外貨建ての場合の、換算レートの情報源。たとえば、Reuters, Bloomberg"
31,2,Attribute,,btx,Tax,Tax Exchange Rate Type,,Token,,,0,"If the tax is in a foreign currency, type of exchange rate - for example, spot rate, forward contract etc.",税額換算レート種別,税が外貨建ての場合の、換算レートの種別。たとえば、スポット・レート、先物など。
32,2,Attribute,,btx,Tax,Tax Exchange Rate Comment,,String,,,0,"If the tax is in a foreign currency, comment about exchange rate used",税額換算レートコメント,税が外貨建ての場合の、換算レートに関するコメント。
33,2,Attribute,,btx,Tax,Tax Amount in Triangulation Currency,,Monetary,,,0,"If the tax is in a foreign currency and triangulation is used, the amount of that tax in the triangulation currency",税額トライアンギュレーション通貨換算額,税が外貨建てで、トライアンギュレーション取引の場合の、トライアンギュレーション通貨での税額。
34,2,Attribute,,btx,Tax,Tax Triangulation Currency,,QName,,,0,"If the tax is in a foreign currency and triangulation is used, the triangulation currency",税額換算トライアンギュレーション通貨,税が外貨建てで、トライアンギュレーション取引の場合の、トライアンギュレーション通貨。
35,2,Attribute,,btx,Tax,Tax Triangulation Currency Exchange Rate,,Pure,,,0,"If the tax is in a foreign currency and triangulation is used, the exchange rate used expressed as national currency divided by triangulation currency",税額トライアンギュレーション通貨換算レート,税が外貨建てで、トライアンギュレーション取引の場合の、換算レート。自国通貨をトライアンギュレーション通貨で割った値。
36,2,Attribute,,btx,Tax,Tax Triangulation Currency Exchange Rate Source,,String,,,0,"If the tax is in a foreign currency and triangulation is used, source of exchange rate - for example, Reuters, Bloomberg",税額トライアンギュレーション通貨換算レート情報源,"税が外貨建てで、トライアンギュレーション取引の場合の、換算レートの情報源。たとえば、Reuters, Bloomberg"
37,2,Attribute,,btx,Tax,Tax Triangulation Currency Exchange Rate Type,,Token,,,0,"If the tax is in a foreign currency and triangulation is used, type of exchange rate - for example, spot rate, forward contract etc.",税額トライアンギュレーション通貨換算レート種別,税が外貨建てで、トライアンギュレーション取引の場合の、換算レートの種別。たとえば、スポット・レート、先物など
38,2,Attribute,,btx,Tax,Tax Foreign to Triangulation Currency Exchange Rate,,Pure,,,0,"If the tax is in a foreign currency and triangulation is used,  the exchange rate used expressed as foreign currency divided by triangulation currency",税額外貨トライアンギュレーション通貨換算レート,税が外貨建てで、トライアンギュレーション取引の場合の、換算レート。外貨をトライアンギュレーション通貨で割った値。
39,2,Attribute,,btx,Tax,Tax Foreign to Triangulation Currency Exchange Rate Source,,String,,,0,"If the tax is in a foreign currency and triangulation is used, source of exchange rate - for example, Reuters, Bloomberg",税額外貨トライアンギュレーション通貨換算レート情報源,"税が外貨建てで、トライアンギュレーション取引の場合の、換算レートの情報源。たとえば、Reuters, Bloomberg"
40,2,Attribute,,btx,Tax,Tax Foreign to Triangulation Currency Exchange Rate Type,,Token,,,0,"If the tax is in a foreign currency and triangulation is used, type of exchange rate - for example, spot rate, forward contract etc.",税額外貨トライアンギュレーション通貨換算レート種別,税が外貨建てで、トライアンギュレーション取引の場合の、換算レートの種別。たとえば、スポット・レート、先物など。
41,2,Attribute,,btx,Tax,Tax Amount in Document Currency,,Monetary,,,1,Amount of tax expressed in the document currency specified in the Transaction Header.,文書通貨税額,業務取引文書のヘッダーレベルで指定された文書通貨で表した税額。
42,2,Attribute,,btx,Tax,Tax Amount in Tax Accounting Currency,,Monetary,,,0..1,Amount of tax expressed in the tax accounting or tax reporting currency specified in the Transaction Header.,税申告通貨税額,業務取引文書のヘッダーレベルで指定された税務会計または税申告に使用する通貨で表した税額。
43,2,Attribute,,btx,Tax,Tax Type,,Token,,,1,"Type of tax regime or tax family applicable to this tax occurrence, distinct from its tax category; for example VAT.",税種別,この税出現に適用される税制又は税体系の種別。税区分とは異なる。例：VAT。
44,1,Class,,btx,Header_ Tax,,,,,,0..*,"Business-document header-level tax information. Tax amounts may be reported in the document currency and, where applicable, in the tax accounting currency defined by the Transaction Header.",【業務取引税情報】,業務取引文書のヘッダーレベルに適用される税情報。税額は文書通貨、および必要な場合にはTransaction Headerで指定された税申告通貨で表す。
45,2,Specialisation,,btx,Header_ Tax,,,,btx,Tax,1,,,
46,1,Class,,btx,Detail_ Tax,,,,,,0..*,"Tax information applicable to an individual transaction detail line. Tax amounts use the document currency and, where applicable, the tax accounting currency defined by the Transaction Header.",【業務取引明細税情報】,業務取引の明細レベルで使用する税情報。
47,2,Specialisation,,btx,Detail_ Tax,,,,btx,Tax,1,,,
48,1,Class,,btx,Header_ XBRL,,,,,,0..*,This will roll up to XBRL reporting information - this is a parent - repeatable so that the same item can be reported through many taxonomies. Care should be taken to consider what happens if people post to the same account but different XBRL elements.,【取引ヘッダXBRL情報】,XBRLレポート情報へのロールアップ情報。親タグであり、同じ項目が複数のタクソノミを通じて報告されうるように繰り返し可能。同一の勘定科目を異なるXBRL要素に転記した場合にどうなるか、注意深く考慮すべきである。
49,2,Specialisation,,btx,Header_ XBRL,,,,cor,XBRL,1,,,
50,1,Class,,btx,Referenced Document,,,,,,0..*,"A tool to capture the flow of related documents in the business process. Some needs of end users require a greater history of the documents that are associated with a transaction, especially in the VAT audit area. Contains a repetitive class of related documents.",【発生元文書情報】,業務プロセス上の、関連文書の流れを捕捉するためのもの。特にVAT監査では、エンドユーザの要求として、取引に関係する文書の履歴が必要とされる。関連文書情報の構造の繰り返しを含む。
51,2,Specialisation,,btx,Referenced Document,,,,cor,Document,1,,,
52,2,Attribute,,btx,Referenced Document,Received Date,,Date Time,,,0..1,Date/time document was noted as received (if necessary). Represents actual date received. Posting dates are maintained separately.,元文書受領日付,（必要であれば）文書の受領が記録された日付/時刻。実際に受領された日付をあらわす。転記日付は別に管理される。
53,2,Attribute,,btx,Referenced Document,Document Location,,String,,,0..1,"Document location as URI, file name or other reference. Alternatively, text of document can be placed here.",元文書格納場所,文書の格納場所である、URI、ファイル名またはその他の参照情報。代わりに、文書のテキストも記述可能。
54,2,Attribute,,btx,Referenced Document,Reference Purpose,,Token,,,0..1,"Purpose discriminator identifying the business purpose of a Referenced Document occurrence, such as project, contract, or tender/lot reference.",参照目的,参照文書の出現が、プロジェクト、契約、入札・ロット参照など、どの業務目的の参照であるかを識別する区分。
55,1,Class,,btx,Adjustment,,,,,,0..*,"Repeatable allowance or charge adjustment occurrence combining type, amount, calculation basis, reason, and tax information.",【調整】,種別、金額、計算基礎、理由及び税情報を一つにまとめた反復可能な値引又は追加請求の調整出現。
56,2,Attribute,,btx,Adjustment,Adjustment Type,,Token,,,1..1,Type of adjustment. The current semantic discriminator values used by the EN CIUS binding are allowance and charge.,調整種別,調整の種別。現在のEN CIUS Bindingで使用する意味上の識別値は allowance（値引）及び charge（追加請求）。
57,2,Attribute,,btx,Adjustment,Amount,,Monetary,,,1,Monetary amount of the adjustment.,調整金額,調整の金額。
58,2,Attribute,,btx,Adjustment,Base Amount,,Monetary,,,0..1,Monetary base amount used to calculate the adjustment.,調整基礎金額,調整の計算に用いる基礎金額。
59,2,Attribute,,btx,Adjustment,Percentage,,Pure,,,0..1,"Percentage rate used to calculate the adjustment, represented as a pure numeric value.",調整率,調整の計算に用いる比率。純粋数値として表現する。
60,2,Attribute,,btx,Adjustment,Reason,,String,,,0..1,Human-readable reason for the adjustment.,調整理由,調整理由の可読テキスト。
61,2,Attribute,,btx,Adjustment,Reason Code,,Token,,,0..1,Code identifying the reason for the adjustment.,調整理由コード,調整理由を識別するコード。
62,2,Attribute,,btx,Adjustment,Tax Category,,Token,,,0..1,Tax category applicable to the adjustment.,調整税区分,調整に適用される税区分。
63,2,Attribute,,btx,Adjustment,Tax Rate,,Pure,,,0..1,Tax percentage rate applicable to the adjustment.,調整税率,調整に適用される税率。
64,1,Class,,btx,Header_ Adjustment,,,,,,0..*,Document-level allowance or charge adjustment.,【ヘッダー調整】,文書レベルの値引又は追加請求の調整。
65,2,Specialisation,,btx,Header_ Adjustment,,,,btx,Adjustment,1,,,
66,1,Class,,btx,Detail_ Adjustment,,,,,,0..*,Line-level allowance or charge adjustment.,【明細調整】,明細レベルの値引又は追加請求の調整。
67,2,Specialisation,,btx,Detail_ Adjustment,,,,btx,Adjustment,1,,,
68,1,Class,,btx,Business Transactions,,,,,,1..*,"Economic event represented by one or more business documents and corresponding accounting entries, such as orders, shipments, invoices, and journal entries.",【ビジネス取引】,XBRL GLのルート要素。 注文、出荷、請求書およびそれに対応する仕訳など、1つまたは複数の業務文書と会計仕訳によって表現される経済事象。
69,2,Composition,,btx,Business Transactions,,,,cor,Document Information,1..1,Parent for descriptive information about the Transaction Entries Class in which it is contained.,【文書情報】,この取引文書に関する情報の親タグ。
70,2,Composition,,btx,Business Transactions,,,,cor,Entity_ Party,0..1,Holder for entity information - information about the reporting organization.,【事業体情報】,事業体情報（報告組織に関する情報）の入れ物。
71,2,Composition,,btx,Business Transactions,,,,btx,Transaction_ Header,0..*,Parent class grouping transaction document header records.,【取引ヘッダ】,取引文書のヘッダ・レコードをまとめて保持する親クラス。
72,1,Class,,btx,Transaction_ Header,,,,,,0..*,Parent class grouping transaction document header records.,【取引ヘッダ】,取引文書のヘッダ・レコードをまとめて保持する親クラス。
73,2,Specialisation,,btx,Transaction_ Header,,,,cor,Header,1,,,
74,2,Attribute,,btx,Transaction_ Header,Header Entry Number Counter,,Decimal,,,0..1,Unique reference for the entry - a numeric counter,文書番号カウンタ,文書の一意なリファレンス　　カウンタ
75,2,Attribute,,btx,Transaction_ Header,Header Document Type,,Token,,,0..1,"An enumerated field describing the original source document, with invoice, voucher, check and other enumerated entries",元文書種別,顧客への請求書、ベンダからの請求書、小切手、その他の列挙値による、元文書の説明。\n[設定値のリスト]\n(check：小切手)、(debit-memo：借方メモ)、(credit-memo：貸方メモ)、(finance-charge：財務費用)、(invoice：顧客への請求書)、(order-customer：顧客オーダ)、(order-vendor：仕入先オーダ)、(payment-other：その他支払い)、(reminder：督促状)、(tegata：手形)、(voucher：ベンダからの請求書)、(shipment：出荷票)、(receipt：受領票)、(manual-adjustment：手修正)、(other：その他)
76,2,Attribute,,btx,Transaction_ Header,Header Document Type Description,,String,,,0..1,Free format description of the document type,元文書種別説明,元文書の種別の説明。
77,2,Attribute,,btx,Transaction_ Header,Header Invoice Type,,Token,,,0..1,"Invoice Type  (self-billed, ePoS enumerated values)",請求書種別,請求書の種別。(self-billed、ePoS)\n[設定値のリスト]\n(ePos：POSシステムからの発行)、(self-billed：手動発行)
78,2,Attribute,,btx,Transaction_ Header,Document Currency Code,,QName,,,0..1,Currency in which monetary amounts in the business document are expressed.,文書通貨コード,業務取引文書の金額を表すために使用する通貨を識別するコード。
79,2,Attribute,,btx,Transaction_ Header,Tax Accounting Currency Code,,QName,,,0..1,Currency used for tax accounting or tax reporting when different from the document currency.,税申告通貨コード,文書通貨と異なる場合に、税務会計または税申告で使用する通貨を識別するコード。
80,2,Attribute,,btx,Transaction_ Header,Header Document Number,,String,,,0..1,"Invoice, check, voucher, or other source document identifier",元文書番号,請求書、小切手、証憑、その他の元文書の識別子。
81,2,Attribute,,btx,Transaction_ Header,Header Payment Method,,String,,,0..1,Method used or to be used to make the payment,支払方法,支払いのために使用された、または使用される方法。
82,2,Attribute,,btx,Transaction_ Header,Header Posting Status,,Token,,,0..1,"deferred: although entered, it cannot be posted until a later time\nposted: already posted\nproposed: a proposed item that must be approved\nsimulated: a simulated item, for what-if\ntax: a tax-specific entry\nunposted:entered but not yet posted or validated\ncancelled:entered and later cancelled\nother:other status - should be described in postingStatusDescription",転記状態,・据置：入力されたが、まだ転記できない。\n・転記済：転記済み。\n・提案済：検証が必要な項目。\n・シミュレーション：仮定のためにシミュレートされた項目。\n・税：税項目。\n・未転記：入力されたが、まだ検証も転記もされていない。\n・取消済：入力されたが、取り消された。\n・その他：その他の状態。postingStatusDescriptionで説明されるべき。\n[設定値のリスト]\n(deferred：据置)、(posted：転記済)、(proposed：提案済)、(simulated：シミュレーション)、(tax：税)、(unposted：未転記)、(cancelled：取消済)、(other：その他)
83,2,Attribute,,btx,Transaction_ Header,Header Posting Status Description,,String,,,0..1,Free format description of the posting status,転記状態説明,転記状態の説明。
84,2,Attribute,,btx,Transaction_ Header,Header Acknowledgement Date,,Date Time,,,0..1,Date of acknowledgement of goods/services shipped/received.,承認日付,出荷/受領済みの物品/サービスを承認した日付。
85,2,Attribute,,btx,Transaction_ Header,Header Confirmation Date,,Date Time,,,0..1,Date of confirmation of shipment/receipt.,確認日付,出荷/受領を確認した日付。
86,2,Attribute,,btx,Transaction_ Header,Header Ship From,,String,,,0..1,References Organization Address Location Identifier where used. Otherwise free form.,出荷元,使用されていれば住所識別子の参照情報。または自由記述。
87,2,Attribute,,btx,Transaction_ Header,Header Date Shipped/Received,,Date Time,,,0..1,Date goods/services are shipped/received.,出荷/受領日付,物品/サービスを出荷/受領した日付。
88,2,Attribute,,btx,Transaction_ Header,Header Maturity Date or Date Due,,Date Time,,,0..1,Due date or other maturity date.,支払期日,支払期日やその他の期日。
89,2,Attribute,,btx,Transaction_ Header,Header Payment Terms,,String,,,0..1,Discount/payment terms.,支払条件,割引/支払い条件。
90,2,Composition,,btx,Transaction_ Header,,,,btx,Header_ Adjustment,0..*,Document-level allowance or charge adjustment.,【ヘッダー調整】,文書レベルの値引又は追加請求の調整。
91,2,Reference Association,,btx,Transaction_ Header,,Applied Invoice,,btx,Referenced Document,0..1,"Document number of primary invoice number, used to offset payments, debits and credits; for an invoice, usually the same as the documentNumber. When calculating open balance on an invoice, or open amount on payments in advance or not fully applied, this permits calculation of the open item.",適用先番号,支払、借方、貸方の相殺に使用される、一次請求書の文書番号。請求書では通常documentNumberと等しい。未決済の請求書残高や、未決済の支払金額の計算時に、利用できる。
92,2,Aggregation,,btx,Transaction_ Header,,,,btx,Referenced Document,0..*,Reference for the document; number assigned to track the document,元文書参照情報,上の文書のための内部参照情報。文書を追跡するために内部的に割り当てた番号。
93,2,Aggregation,,btx,Transaction_ Header,,,,btx,Header_ Party,0..*,Party participating in the transaction document at header level.,【ヘッダー取引当事者】,取引文書のヘッダーレベルに関係する取引当事者。
94,2,Composition,,btx,Transaction_ Header,,,,btx,Header_ Amount Structure,0..*,"Structure representing monetary amounts and currency information applicable to the document as a whole, such as document-level totals or aggregated tax amounts.",【ヘッダー金額構造】,文書全体に適用される金額や通貨情報（文書レベルの合計額や集計された税額など）を表現する構造。
95,2,Composition,,btx,Transaction_ Header,,,,btx,Header_ Tax,0..*,Class for holding tax related information,【税情報】,税関連の情報のタプル。
96,2,Composition,,btx,Transaction_ Header,,,,btx,Transaction_ Detail,0..*,Parent for document line,【文書明細】,文書明細の親タグ。
97,1,Class,,btx,Transaction_ Detail,,,,,,0..*,Parent for entry detail,【仕訳明細】,仕訳明細の親タグ。
98,2,Specialisation,,btx,Transaction_ Detail,,,,cor,Detail,1,,,
99,2,Aggregation,,btx,Transaction_ Detail,,,,btx,Detail_ Party,0..*,Party associated with the transaction detail line.,【明細取引当事者】,取引明細に関係する取引当事者。
100,2,Aggregation,,btx,Transaction_ Detail,,,,btx,Referenced Document,0..*,Reference for the document; number assigned to track the document,元文書参照情報,上の文書のための内部参照情報。文書を追跡するために内部的に割り当てた番号。
101,2,Aggregation,,btx,Transaction_ Detail,,,,bus,Detail_ Measurable,0..*,"Parent for information regarding measurable items associated with the enclosing entryDetail line. Primary area used for holding performance measures. Based on needs for tracking inventory transactional detail, but suitable for anything assigned to an ""account"", ""reporting bucket"" or ""code"". Can be used to track any movements.",【計測可能物情報】,明細行に関係付けられた、計測可能物の情報の親タグ。おもにパフォーマンス測定のために使用される。在庫移動の詳細の追跡の必要性に基づき、「科目」、「報告バケット」、「コード」に関係付けられるあらゆるものに適する。あらゆる活動を追跡するために使用可能。
102,2,Aggregation,,btx,Transaction_ Detail,,,,ehm,Detail_ Serial or Lot,0..*,"Class for holding information about serial numbers or lots (batches). As a class, this permits multiple serial numbers or multiple lot number batches within a single gl-cor:measurable class.",【シリアル番号・ロット情報】,シリアル番号やロット（バッチ）に関する情報を保持するタプル。単一の構造内に複数のシリアル番号やロット情報を保持可能。
103,2,Aggregation,,btx,Transaction_ Detail,,,,bus,Detail_ Job,0..*,"Class for holding job related information, separate from jobs represented in account identifier. Would probably only have one jobinfo class for each entry line, but there may be a need to express more than one.",【ジョブ情報】,科目識別子で表現されるジョブとは別の、ジョブに関係する情報のタプル。個々の明細行に対してひとつだけ存在すると思われるが、複数必要かもしれない。
104,2,Composition,,btx,Transaction_ Detail,,,,btx,Detail_ Adjustment,0..*,Line-level allowance or charge adjustment.,【明細調整】,明細レベルの値引又は追加請求の調整。
105,2,Composition,,btx,Transaction_ Detail,,,,btx,Detail_ Amount Structure,0..*,"Structure representing monetary amounts and currency information applicable to an individual line, such as line-level net amounts, tax calculation bases, allowances, or charges.",【行金額構造】,個々の明細行に適用される金額や通貨情報（行レベルの正味金額、税計算基礎額、値引または追加請求など）を表現する構造。
106,2,Composition,,btx,Transaction_ Detail,,,,btx,Detail_ Tax,0..*,Class for holding tax related information,【税情報】,税関連の情報のタプル。
107,2,Composition,,btx,Transaction_ Detail,,,,bus,Detail_ Depreciation Mortgage,0..*,"Parent for information related to depreciation, mortgages, etc.",【減価償却/抵当債務情報】,減価償却、抵当債務等に関連する情報の親タグ。
108,2,Composition,,btx,Transaction_ Detail,,,,lnk,Detail_ Rich Text Comment,0..*,"Accepts text in rich text format, including XHTML. It can be used for different purposes, such as to create footnotes in XBRL instances or to create a comment for a document or an entry.",【リッチテキストコメント】,XHTMLを含む、リッチテキスト形式のテキストを受け入れる。XBRLインスタンスのフットノートの生成や、文書や伝票のコメントの生成などの、さまざまな目的で利用可能。
109,2,Composition,,btx,Transaction_ Detail,,,,cor,Detail_ XBRL,0..*,This will roll up to XBRL reporting information - this is a parent - repeatable so that the same item can be reported through many taxonomies. Care should be taken to consider what happens if people post to the same account but different XBRL elements.,【XBRL情報】,XBRLレポート情報へのロールアップ情報。親タグであり、同じ項目が複数のタクソノミを通じて報告されうるように繰り返し可能。同一の勘定科目を異なるXBRL要素に転記した場合にどうなるか、注意深く考慮すべきである。
